// Validating benchmarks:
// ***** BenchmarkRunner: Start   *****
// ***** Found 18 benchmark(s) in total *****
// ***** Building 1 exe(s) in Parallel: Start   *****
// ***** Done, took 00:00:00 (0.05 sec)   *****
// Found 18 benchmarks:
//   AsyncResourceSyncBenchmarks.RenderThread_Old_SyncTileIngestion: Job-HKQCAU(Toolchain=InProcessEmitToolchain, IterationCount=6, LaunchCount=1, WarmupCount=3) [TileCount=5]
//   AsyncResourceSyncBenchmarks.RenderThread_New_AsyncPreSynced: Job-HKQCAU(Toolchain=InProcessEmitToolchain, IterationCount=6, LaunchCount=1, WarmupCount=3) [TileCount=5]
//   AsyncResourceSyncBenchmarks.DrawBatch_Sequential_Ingestion: Job-HKQCAU(Toolchain=InProcessEmitToolchain, IterationCount=6, LaunchCount=1, WarmupCount=3) [TileCount=5]
//   AsyncResourceSyncBenchmarks.DrawBatch_Parallel_LockContention: Job-HKQCAU(Toolchain=InProcessEmitToolchain, IterationCount=6, LaunchCount=1, WarmupCount=3) [TileCount=5]
//   AsyncResourceSyncBenchmarks.Pipeline_Old_WorkerGen_RenderSync: Job-HKQCAU(Toolchain=InProcessEmitToolchain, IterationCount=6, LaunchCount=1, WarmupCount=3) [TileCount=5]
//   AsyncResourceSyncBenchmarks.Pipeline_New_AsyncGenAndSync: Job-HKQCAU(Toolchain=InProcessEmitToolchain, IterationCount=6, LaunchCount=1, WarmupCount=3) [TileCount=5]
//   AsyncResourceSyncBenchmarks.RenderThread_Old_SyncTileIngestion: Job-HKQCAU(Toolchain=InProcessEmitToolchain, IterationCount=6, LaunchCount=1, WarmupCount=3) [TileCount=20]
//   AsyncResourceSyncBenchmarks.RenderThread_New_AsyncPreSynced: Job-HKQCAU(Toolchain=InProcessEmitToolchain, IterationCount=6, LaunchCount=1, WarmupCount=3) [TileCount=20]
//   AsyncResourceSyncBenchmarks.DrawBatch_Sequential_Ingestion: Job-HKQCAU(Toolchain=InProcessEmitToolchain, IterationCount=6, LaunchCount=1, WarmupCount=3) [TileCount=20]
//   AsyncResourceSyncBenchmarks.DrawBatch_Parallel_LockContention: Job-HKQCAU(Toolchain=InProcessEmitToolchain, IterationCount=6, LaunchCount=1, WarmupCount=3) [TileCount=20]
//   AsyncResourceSyncBenchmarks.Pipeline_Old_WorkerGen_RenderSync: Job-HKQCAU(Toolchain=InProcessEmitToolchain, IterationCount=6, LaunchCount=1, WarmupCount=3) [TileCount=20]
//   AsyncResourceSyncBenchmarks.Pipeline_New_AsyncGenAndSync: Job-HKQCAU(Toolchain=InProcessEmitToolchain, IterationCount=6, LaunchCount=1, WarmupCount=3) [TileCount=20]
//   AsyncResourceSyncBenchmarks.RenderThread_Old_SyncTileIngestion: Job-HKQCAU(Toolchain=InProcessEmitToolchain, IterationCount=6, LaunchCount=1, WarmupCount=3) [TileCount=50]
//   AsyncResourceSyncBenchmarks.RenderThread_New_AsyncPreSynced: Job-HKQCAU(Toolchain=InProcessEmitToolchain, IterationCount=6, LaunchCount=1, WarmupCount=3) [TileCount=50]
//   AsyncResourceSyncBenchmarks.DrawBatch_Sequential_Ingestion: Job-HKQCAU(Toolchain=InProcessEmitToolchain, IterationCount=6, LaunchCount=1, WarmupCount=3) [TileCount=50]
//   AsyncResourceSyncBenchmarks.DrawBatch_Parallel_LockContention: Job-HKQCAU(Toolchain=InProcessEmitToolchain, IterationCount=6, LaunchCount=1, WarmupCount=3) [TileCount=50]
//   AsyncResourceSyncBenchmarks.Pipeline_Old_WorkerGen_RenderSync: Job-HKQCAU(Toolchain=InProcessEmitToolchain, IterationCount=6, LaunchCount=1, WarmupCount=3) [TileCount=50]
//   AsyncResourceSyncBenchmarks.Pipeline_New_AsyncGenAndSync: Job-HKQCAU(Toolchain=InProcessEmitToolchain, IterationCount=6, LaunchCount=1, WarmupCount=3) [TileCount=50]

Setup power plan (GUID: 8c5e7fda-e8bf-4a96-9a85-a6e23a8c635c FriendlyName: High performance)
// **************************
// Benchmark: AsyncResourceSyncBenchmarks.RenderThread_Old_SyncTileIngestion: Job-HKQCAU(Toolchain=InProcessEmitToolchain, IterationCount=6, LaunchCount=1, WarmupCount=3) [TileCount=5]
// *** Execute ***
// Launch: 1 / 1

// Benchmark Process Environment Information:
// BenchmarkDotNet v0.15.8
// Runtime=.NET 10.0.12 (10.0.12, 10.0.1226.42308), X64 RyuJIT x86-64-v3
// GC=Concurrent Workstation
// HardwareIntrinsics=AVX2+BMI1+BMI2+F16C+FMA+LZCNT+MOVBE,AVX,SSE3+SSSE3+SSE4.1+SSE4.2+POPCNT,X86Base+SSE+SSE2,AES+PCLMUL VectorSize=256
// Job: Job-HKQCAU(Toolchain=InProcessEmitToolchain, IterationCount=6, LaunchCount=1, WarmupCount=3)

OverheadJitting  1: 1 op, 214200.00 ns, 214.2000 us/op
WorkloadJitting  1: 1 op, 6194600.00 ns, 6.1946 ms/op

OverheadJitting  2: 16 op, 391500.00 ns, 24.4688 us/op
WorkloadJitting  2: 16 op, 1077000.00 ns, 67.3125 us/op

WorkloadPilot    1: 16 op, 304800.00 ns, 19.0500 us/op
WorkloadPilot    2: 32 op, 659000.00 ns, 20.5938 us/op
WorkloadPilot    3: 64 op, 1394500.00 ns, 21.7891 us/op
WorkloadPilot    4: 128 op, 2516200.00 ns, 19.6578 us/op
WorkloadPilot    5: 256 op, 4906700.00 ns, 19.1668 us/op
WorkloadPilot    6: 512 op, 10101000.00 ns, 19.7285 us/op
WorkloadPilot    7: 1024 op, 19193700.00 ns, 18.7438 us/op
WorkloadPilot    8: 2048 op, 32426100.00 ns, 15.8331 us/op
WorkloadPilot    9: 4096 op, 73337000.00 ns, 17.9045 us/op
WorkloadPilot   10: 8192 op, 226140900.00 ns, 27.6051 us/op
WorkloadPilot   11: 16384 op, 103519200.00 ns, 6.3183 us/op
WorkloadPilot   12: 32768 op, 202749700.00 ns, 6.1874 us/op
WorkloadPilot   13: 65536 op, 410717900.00 ns, 6.2671 us/op
WorkloadPilot   14: 131072 op, 755363200.00 ns, 5.7630 us/op

OverheadWarmup   1: 131072 op, 214300.00 ns, 1.6350 ns/op
OverheadWarmup   2: 131072 op, 194400.00 ns, 1.4832 ns/op
OverheadWarmup   3: 131072 op, 197600.00 ns, 1.5076 ns/op
OverheadWarmup   4: 131072 op, 197600.00 ns, 1.5076 ns/op
OverheadWarmup   5: 131072 op, 197600.00 ns, 1.5076 ns/op
OverheadWarmup   6: 131072 op, 226900.00 ns, 1.7311 ns/op

OverheadActual   1: 131072 op, 241900.00 ns, 1.8456 ns/op
OverheadActual   2: 131072 op, 198300.00 ns, 1.5129 ns/op
OverheadActual   3: 131072 op, 194600.00 ns, 1.4847 ns/op
OverheadActual   4: 131072 op, 201900.00 ns, 1.5404 ns/op
OverheadActual   5: 131072 op, 201800.00 ns, 1.5396 ns/op
OverheadActual   6: 131072 op, 201100.00 ns, 1.5343 ns/op
OverheadActual   7: 131072 op, 194400.00 ns, 1.4832 ns/op
OverheadActual   8: 131072 op, 194500.00 ns, 1.4839 ns/op
OverheadActual   9: 131072 op, 221800.00 ns, 1.6922 ns/op
OverheadActual  10: 131072 op, 194400.00 ns, 1.4832 ns/op
OverheadActual  11: 131072 op, 194800.00 ns, 1.4862 ns/op
OverheadActual  12: 131072 op, 197600.00 ns, 1.5076 ns/op
OverheadActual  13: 131072 op, 241600.00 ns, 1.8433 ns/op
OverheadActual  14: 131072 op, 201900.00 ns, 1.5404 ns/op
OverheadActual  15: 131072 op, 194400.00 ns, 1.4832 ns/op

WorkloadWarmup   1: 131072 op, 791576300.00 ns, 6.0392 us/op
WorkloadWarmup   2: 131072 op, 956964600.00 ns, 7.3011 us/op
WorkloadWarmup   3: 131072 op, 925173900.00 ns, 7.0585 us/op

WorkloadActual   1: 131072 op, 817291700.00 ns, 6.2354 us/op
WorkloadActual   2: 131072 op, 989023800.00 ns, 7.5457 us/op
WorkloadActual   3: 131072 op, 904919400.00 ns, 6.9040 us/op
WorkloadActual   4: 131072 op, 807458200.00 ns, 6.1604 us/op
WorkloadActual   5: 131072 op, 809760300.00 ns, 6.1780 us/op
WorkloadActual   6: 131072 op, 786575600.00 ns, 6.0011 us/op

WorkloadResult   1: 131072 op, 817093400.00 ns, 6.2339 us/op
WorkloadResult   2: 131072 op, 988825500.00 ns, 7.5441 us/op
WorkloadResult   3: 131072 op, 904721100.00 ns, 6.9025 us/op
WorkloadResult   4: 131072 op, 807259900.00 ns, 6.1589 us/op
WorkloadResult   5: 131072 op, 809562000.00 ns, 6.1765 us/op
WorkloadResult   6: 131072 op, 786377300.00 ns, 5.9996 us/op
// GC:  136 7 0 2283798528 131072
// Threading:  0 0 131072


Mean = 6.503 μs, StdErr = 0.245 μs (3.76%), N = 6, StdDev = 0.599 μs
Min = 6.000 μs, Q1 = 6.163 μs, Median = 6.205 μs, Q3 = 6.735 μs, Max = 7.544 μs
IQR = 0.572 μs, LowerFence = 5.305 μs, UpperFence = 7.593 μs
ConfidenceInterval = [4.823 μs; 8.182 μs] (CI 99.9%), Margin = 1.680 μs (25.83% of Mean)
Skewness = 0.75, Kurtosis = 1.68, MValue = 2

// ** Remained 17 (94.4%) benchmark(s) to run. Estimated finish 2026-09-28 16:30 (0h 3m from now) **
Setup power plan (GUID: 8c5e7fda-e8bf-4a96-9a85-a6e23a8c635c FriendlyName: High performance)
// **************************
// Benchmark: AsyncResourceSyncBenchmarks.RenderThread_New_AsyncPreSynced: Job-HKQCAU(Toolchain=InProcessEmitToolchain, IterationCount=6, LaunchCount=1, WarmupCount=3) [TileCount=5]
// *** Execute ***
// Launch: 1 / 1

// Benchmark Process Environment Information:
// BenchmarkDotNet v0.15.8
// Runtime=.NET 10.0.12 (10.0.12, 10.0.1226.42308), X64 RyuJIT x86-64-v3
// GC=Concurrent Workstation
// HardwareIntrinsics=AVX2+BMI1+BMI2+F16C+FMA+LZCNT+MOVBE,AVX,SSE3+SSSE3+SSE4.1+SSE4.2+POPCNT,X86Base+SSE+SSE2,AES+PCLMUL VectorSize=256
// Job: Job-HKQCAU(Toolchain=InProcessEmitToolchain, IterationCount=6, LaunchCount=1, WarmupCount=3)

OverheadJitting  1: 1 op, 271300.00 ns, 271.3000 us/op
WorkloadJitting  1: 1 op, 231800.00 ns, 231.8000 us/op

OverheadJitting  2: 16 op, 575600.00 ns, 35.9750 us/op
WorkloadJitting  2: 16 op, 742100.00 ns, 46.3813 us/op

WorkloadPilot    1: 16 op, 48500.00 ns, 3.0313 us/op
WorkloadPilot    2: 32 op, 61800.00 ns, 1.9313 us/op
WorkloadPilot    3: 64 op, 148600.00 ns, 2.3219 us/op
WorkloadPilot    4: 128 op, 329700.00 ns, 2.5758 us/op
WorkloadPilot    5: 256 op, 486600.00 ns, 1.9008 us/op
WorkloadPilot    6: 512 op, 983600.00 ns, 1.9211 us/op
WorkloadPilot    7: 1024 op, 1522100.00 ns, 1.4864 us/op
WorkloadPilot    8: 2048 op, 4623700.00 ns, 2.2577 us/op
WorkloadPilot    9: 4096 op, 8129400.00 ns, 1.9847 us/op
WorkloadPilot   10: 8192 op, 15763800.00 ns, 1.9243 us/op
WorkloadPilot   11: 16384 op, 34677400.00 ns, 2.1165 us/op
WorkloadPilot   12: 32768 op, 70311100.00 ns, 2.1457 us/op
WorkloadPilot   13: 65536 op, 125696600.00 ns, 1.9180 us/op
WorkloadPilot   14: 131072 op, 197554100.00 ns, 1.5072 us/op
WorkloadPilot   15: 262144 op, 403910800.00 ns, 1.5408 us/op
WorkloadPilot   16: 524288 op, 811902000.00 ns, 1.5486 us/op

OverheadWarmup   1: 524288 op, 1148500.00 ns, 2.1906 ns/op
OverheadWarmup   2: 524288 op, 826100.00 ns, 1.5757 ns/op
OverheadWarmup   3: 524288 op, 865700.00 ns, 1.6512 ns/op
OverheadWarmup   4: 524288 op, 1079100.00 ns, 2.0582 ns/op
OverheadWarmup   5: 524288 op, 1077500.00 ns, 2.0552 ns/op
OverheadWarmup   6: 524288 op, 838400.00 ns, 1.5991 ns/op
OverheadWarmup   7: 524288 op, 951200.00 ns, 1.8143 ns/op
OverheadWarmup   8: 524288 op, 1004900.00 ns, 1.9167 ns/op
OverheadWarmup   9: 524288 op, 864900.00 ns, 1.6497 ns/op

OverheadActual   1: 524288 op, 1349300.00 ns, 2.5736 ns/op
OverheadActual   2: 524288 op, 920800.00 ns, 1.7563 ns/op
OverheadActual   3: 524288 op, 1238900.00 ns, 2.3630 ns/op
OverheadActual   4: 524288 op, 1020200.00 ns, 1.9459 ns/op
OverheadActual   5: 524288 op, 1240600.00 ns, 2.3663 ns/op
OverheadActual   6: 524288 op, 1090200.00 ns, 2.0794 ns/op
OverheadActual   7: 524288 op, 925400.00 ns, 1.7651 ns/op
OverheadActual   8: 524288 op, 900400.00 ns, 1.7174 ns/op
OverheadActual   9: 524288 op, 863000.00 ns, 1.6460 ns/op
OverheadActual  10: 524288 op, 1158700.00 ns, 2.2100 ns/op
OverheadActual  11: 524288 op, 969900.00 ns, 1.8499 ns/op
OverheadActual  12: 524288 op, 1131500.00 ns, 2.1582 ns/op
OverheadActual  13: 524288 op, 1321000.00 ns, 2.5196 ns/op
OverheadActual  14: 524288 op, 1322600.00 ns, 2.5227 ns/op
OverheadActual  15: 524288 op, 1098100.00 ns, 2.0945 ns/op
OverheadActual  16: 524288 op, 1026000.00 ns, 1.9569 ns/op
OverheadActual  17: 524288 op, 1142300.00 ns, 2.1788 ns/op
OverheadActual  18: 524288 op, 1065000.00 ns, 2.0313 ns/op
OverheadActual  19: 524288 op, 1075600.00 ns, 2.0515 ns/op
OverheadActual  20: 524288 op, 1271500.00 ns, 2.4252 ns/op

WorkloadWarmup   1: 524288 op, 846685100.00 ns, 1.6149 us/op
WorkloadWarmup   2: 524288 op, 805211300.00 ns, 1.5358 us/op
WorkloadWarmup   3: 524288 op, 825033300.00 ns, 1.5736 us/op

WorkloadActual   1: 524288 op, 792872800.00 ns, 1.5123 us/op
WorkloadActual   2: 524288 op, 777512900.00 ns, 1.4830 us/op
WorkloadActual   3: 524288 op, 810838400.00 ns, 1.5466 us/op
WorkloadActual   4: 524288 op, 801300300.00 ns, 1.5284 us/op
WorkloadActual   5: 524288 op, 823859200.00 ns, 1.5714 us/op
WorkloadActual   6: 524288 op, 778958600.00 ns, 1.4857 us/op

WorkloadResult   1: 524288 op, 791778650.00 ns, 1.5102 us/op
WorkloadResult   2: 524288 op, 776418750.00 ns, 1.4809 us/op
WorkloadResult   3: 524288 op, 809744250.00 ns, 1.5445 us/op
WorkloadResult   4: 524288 op, 800206150.00 ns, 1.5263 us/op
WorkloadResult   5: 524288 op, 822765050.00 ns, 1.5693 us/op
WorkloadResult   6: 524288 op, 777864450.00 ns, 1.4837 us/op
// GC:  0 0 0 4048 524288
// Threading:  0 0 524288


Mean = 1.519 μs, StdErr = 0.014 μs (0.93%), N = 6, StdDev = 0.035 μs
Min = 1.481 μs, Q1 = 1.490 μs, Median = 1.518 μs, Q3 = 1.540 μs, Max = 1.569 μs
IQR = 0.050 μs, LowerFence = 1.416 μs, UpperFence = 1.614 μs
ConfidenceInterval = [1.422 μs; 1.616 μs] (CI 99.9%), Margin = 0.097 μs (6.40% of Mean)
Skewness = 0.17, Kurtosis = 1.21, MValue = 2

// ** Remained 16 (88.9%) benchmark(s) to run. Estimated finish 2026-09-28 16:29 (0h 2m from now) **
Setup power plan (GUID: 8c5e7fda-e8bf-4a96-9a85-a6e23a8c635c FriendlyName: High performance)
// **************************
// Benchmark: AsyncResourceSyncBenchmarks.DrawBatch_Sequential_Ingestion: Job-HKQCAU(Toolchain=InProcessEmitToolchain, IterationCount=6, LaunchCount=1, WarmupCount=3) [TileCount=5]
// *** Execute ***
// Launch: 1 / 1

// Benchmark Process Environment Information:
// BenchmarkDotNet v0.15.8
// Runtime=.NET 10.0.12 (10.0.12, 10.0.1226.42308), X64 RyuJIT x86-64-v3
// GC=Concurrent Workstation
// HardwareIntrinsics=AVX2+BMI1+BMI2+F16C+FMA+LZCNT+MOVBE,AVX,SSE3+SSSE3+SSE4.1+SSE4.2+POPCNT,X86Base+SSE+SSE2,AES+PCLMUL VectorSize=256
// Job: Job-HKQCAU(Toolchain=InProcessEmitToolchain, IterationCount=6, LaunchCount=1, WarmupCount=3)

OverheadJitting  1: 1 op, 200700.00 ns, 200.7000 us/op
WorkloadJitting  1: 1 op, 324000.00 ns, 324.0000 us/op

OverheadJitting  2: 16 op, 370100.00 ns, 23.1313 us/op
WorkloadJitting  2: 16 op, 566000.00 ns, 35.3750 us/op

WorkloadPilot    1: 16 op, 144800.00 ns, 9.0500 us/op
WorkloadPilot    2: 32 op, 376700.00 ns, 11.7719 us/op
WorkloadPilot    3: 64 op, 832500.00 ns, 13.0078 us/op
WorkloadPilot    4: 128 op, 1812800.00 ns, 14.1625 us/op
WorkloadPilot    5: 256 op, 3094100.00 ns, 12.0863 us/op
WorkloadPilot    6: 512 op, 8077200.00 ns, 15.7758 us/op
WorkloadPilot    7: 1024 op, 12588500.00 ns, 12.2935 us/op
WorkloadPilot    8: 2048 op, 16881600.00 ns, 8.2430 us/op
WorkloadPilot    9: 4096 op, 37270000.00 ns, 9.0991 us/op
WorkloadPilot   10: 8192 op, 79186300.00 ns, 9.6663 us/op
WorkloadPilot   11: 16384 op, 136469800.00 ns, 8.3295 us/op
WorkloadPilot   12: 32768 op, 191090900.00 ns, 5.8316 us/op
WorkloadPilot   13: 65536 op, 366957100.00 ns, 5.5993 us/op
WorkloadPilot   14: 131072 op, 752786600.00 ns, 5.7433 us/op

OverheadWarmup   1: 131072 op, 216600.00 ns, 1.6525 ns/op
OverheadWarmup   2: 131072 op, 265100.00 ns, 2.0226 ns/op
OverheadWarmup   3: 131072 op, 284700.00 ns, 2.1721 ns/op
OverheadWarmup   4: 131072 op, 235600.00 ns, 1.7975 ns/op
OverheadWarmup   5: 131072 op, 232000.00 ns, 1.7700 ns/op
OverheadWarmup   6: 131072 op, 310800.00 ns, 2.3712 ns/op
OverheadWarmup   7: 131072 op, 246400.00 ns, 1.8799 ns/op

OverheadActual   1: 131072 op, 357700.00 ns, 2.7290 ns/op
OverheadActual   2: 131072 op, 205400.00 ns, 1.5671 ns/op
OverheadActual   3: 131072 op, 290300.00 ns, 2.2148 ns/op
OverheadActual   4: 131072 op, 297800.00 ns, 2.2720 ns/op
OverheadActual   5: 131072 op, 329700.00 ns, 2.5154 ns/op
OverheadActual   6: 131072 op, 249600.00 ns, 1.9043 ns/op
OverheadActual   7: 131072 op, 262100.00 ns, 1.9997 ns/op
OverheadActual   8: 131072 op, 270900.00 ns, 2.0668 ns/op
OverheadActual   9: 131072 op, 336700.00 ns, 2.5688 ns/op
OverheadActual  10: 131072 op, 313500.00 ns, 2.3918 ns/op
OverheadActual  11: 131072 op, 313300.00 ns, 2.3903 ns/op
OverheadActual  12: 131072 op, 221200.00 ns, 1.6876 ns/op
OverheadActual  13: 131072 op, 308400.00 ns, 2.3529 ns/op
OverheadActual  14: 131072 op, 340100.00 ns, 2.5948 ns/op
OverheadActual  15: 131072 op, 348900.00 ns, 2.6619 ns/op
OverheadActual  16: 131072 op, 259700.00 ns, 1.9814 ns/op
OverheadActual  17: 131072 op, 256400.00 ns, 1.9562 ns/op
OverheadActual  18: 131072 op, 238600.00 ns, 1.8204 ns/op
OverheadActual  19: 131072 op, 265600.00 ns, 2.0264 ns/op
OverheadActual  20: 131072 op, 300400.00 ns, 2.2919 ns/op

WorkloadWarmup   1: 131072 op, 837266900.00 ns, 6.3878 us/op
WorkloadWarmup   2: 131072 op, 839578700.00 ns, 6.4055 us/op
WorkloadWarmup   3: 131072 op, 938418800.00 ns, 7.1596 us/op

WorkloadActual   1: 131072 op, 773995800.00 ns, 5.9051 us/op
WorkloadActual   2: 131072 op, 777941700.00 ns, 5.9352 us/op
WorkloadActual   3: 131072 op, 769395300.00 ns, 5.8700 us/op
WorkloadActual   4: 131072 op, 769730400.00 ns, 5.8726 us/op
WorkloadActual   5: 131072 op, 808597200.00 ns, 6.1691 us/op
WorkloadActual   6: 131072 op, 759406800.00 ns, 5.7938 us/op

WorkloadResult   1: 131072 op, 773701750.00 ns, 5.9029 us/op
WorkloadResult   2: 131072 op, 777647650.00 ns, 5.9330 us/op
WorkloadResult   3: 131072 op, 769101250.00 ns, 5.8678 us/op
WorkloadResult   4: 131072 op, 769436350.00 ns, 5.8703 us/op
WorkloadResult   5: 131072 op, 759112750.00 ns, 5.7916 us/op
// GC:  136 7 0 2283798528 131072
// Threading:  0 0 131072


Mean = 5.873 μs, StdErr = 0.024 μs (0.40%), N = 5, StdDev = 0.053 μs
Min = 5.792 μs, Q1 = 5.868 μs, Median = 5.870 μs, Q3 = 5.903 μs, Max = 5.933 μs
IQR = 0.035 μs, LowerFence = 5.815 μs, UpperFence = 5.956 μs
ConfidenceInterval = [5.670 μs; 6.076 μs] (CI 99.9%), Margin = 0.203 μs (3.46% of Mean)
Skewness = -0.41, Kurtosis = 1.49, MValue = 2

// ** Remained 15 (83.3%) benchmark(s) to run. Estimated finish 2026-09-28 16:29 (0h 2m from now) **
Setup power plan (GUID: 8c5e7fda-e8bf-4a96-9a85-a6e23a8c635c FriendlyName: High performance)
// **************************
// Benchmark: AsyncResourceSyncBenchmarks.DrawBatch_Parallel_LockContention: Job-HKQCAU(Toolchain=InProcessEmitToolchain, IterationCount=6, LaunchCount=1, WarmupCount=3) [TileCount=5]
// *** Execute ***
// Launch: 1 / 1

// Benchmark Process Environment Information:
// BenchmarkDotNet v0.15.8
// Runtime=.NET 10.0.12 (10.0.12, 10.0.1226.42308), X64 RyuJIT x86-64-v3
// GC=Concurrent Workstation
// HardwareIntrinsics=AVX2+BMI1+BMI2+F16C+FMA+LZCNT+MOVBE,AVX,SSE3+SSSE3+SSE4.1+SSE4.2+POPCNT,X86Base+SSE+SSE2,AES+PCLMUL VectorSize=256
// Job: Job-HKQCAU(Toolchain=InProcessEmitToolchain, IterationCount=6, LaunchCount=1, WarmupCount=3)

OverheadJitting  1: 1 op, 273500.00 ns, 273.5000 us/op
WorkloadJitting  1: 1 op, 4520400.00 ns, 4.5204 ms/op

OverheadJitting  2: 16 op, 391900.00 ns, 24.4938 us/op
WorkloadJitting  2: 16 op, 1208100.00 ns, 75.5063 us/op

WorkloadPilot    1: 16 op, 797900.00 ns, 49.8688 us/op
WorkloadPilot    2: 32 op, 1402200.00 ns, 43.8188 us/op
WorkloadPilot    3: 64 op, 3032700.00 ns, 47.3859 us/op
WorkloadPilot    4: 128 op, 5909700.00 ns, 46.1695 us/op
WorkloadPilot    5: 256 op, 11828200.00 ns, 46.2039 us/op
WorkloadPilot    6: 512 op, 25983400.00 ns, 50.7488 us/op
WorkloadPilot    7: 1024 op, 55917800.00 ns, 54.6072 us/op
WorkloadPilot    8: 2048 op, 93518800.00 ns, 45.6635 us/op
WorkloadPilot    9: 4096 op, 211516800.00 ns, 51.6398 us/op
WorkloadPilot   10: 8192 op, 372541000.00 ns, 45.4762 us/op
WorkloadPilot   11: 16384 op, 609093300.00 ns, 37.1761 us/op

OverheadWarmup   1: 16384 op, 41500.00 ns, 2.5330 ns/op
OverheadWarmup   2: 16384 op, 33000.00 ns, 2.0142 ns/op
OverheadWarmup   3: 16384 op, 32000.00 ns, 1.9531 ns/op
OverheadWarmup   4: 16384 op, 39500.00 ns, 2.4109 ns/op
OverheadWarmup   5: 16384 op, 29900.00 ns, 1.8250 ns/op
OverheadWarmup   6: 16384 op, 35100.00 ns, 2.1423 ns/op
OverheadWarmup   7: 16384 op, 26000.00 ns, 1.5869 ns/op

OverheadActual   1: 16384 op, 46400.00 ns, 2.8320 ns/op
OverheadActual   2: 16384 op, 32600.00 ns, 1.9897 ns/op
OverheadActual   3: 16384 op, 25700.00 ns, 1.5686 ns/op
OverheadActual   4: 16384 op, 36000.00 ns, 2.1973 ns/op
OverheadActual   5: 16384 op, 34200.00 ns, 2.0874 ns/op
OverheadActual   6: 16384 op, 31800.00 ns, 1.9409 ns/op
OverheadActual   7: 16384 op, 36700.00 ns, 2.2400 ns/op
OverheadActual   8: 16384 op, 32800.00 ns, 2.0020 ns/op
OverheadActual   9: 16384 op, 37000.00 ns, 2.2583 ns/op
OverheadActual  10: 16384 op, 32500.00 ns, 1.9836 ns/op
OverheadActual  11: 16384 op, 24700.00 ns, 1.5076 ns/op
OverheadActual  12: 16384 op, 35000.00 ns, 2.1362 ns/op
OverheadActual  13: 16384 op, 40600.00 ns, 2.4780 ns/op
OverheadActual  14: 16384 op, 34500.00 ns, 2.1057 ns/op
OverheadActual  15: 16384 op, 36600.00 ns, 2.2339 ns/op
OverheadActual  16: 16384 op, 35000.00 ns, 2.1362 ns/op
OverheadActual  17: 16384 op, 34300.00 ns, 2.0935 ns/op
OverheadActual  18: 16384 op, 40400.00 ns, 2.4658 ns/op
OverheadActual  19: 16384 op, 36200.00 ns, 2.2095 ns/op
OverheadActual  20: 16384 op, 34500.00 ns, 2.1057 ns/op

WorkloadWarmup   1: 16384 op, 600187700.00 ns, 36.6326 us/op
WorkloadWarmup   2: 16384 op, 615186200.00 ns, 37.5480 us/op
WorkloadWarmup   3: 16384 op, 590314500.00 ns, 36.0299 us/op

WorkloadActual   1: 16384 op, 587645400.00 ns, 35.8670 us/op
WorkloadActual   2: 16384 op, 649646800.00 ns, 39.6513 us/op
WorkloadActual   3: 16384 op, 569288000.00 ns, 34.7466 us/op
WorkloadActual   4: 16384 op, 591936400.00 ns, 36.1289 us/op
WorkloadActual   5: 16384 op, 609550300.00 ns, 37.2040 us/op
WorkloadActual   6: 16384 op, 624629500.00 ns, 38.1244 us/op

WorkloadResult   1: 16384 op, 587610650.00 ns, 35.8649 us/op
WorkloadResult   2: 16384 op, 649612050.00 ns, 39.6492 us/op
WorkloadResult   3: 16384 op, 569253250.00 ns, 34.7445 us/op
WorkloadResult   4: 16384 op, 591901650.00 ns, 36.1268 us/op
WorkloadResult   5: 16384 op, 609515550.00 ns, 37.2019 us/op
WorkloadResult   6: 16384 op, 624594750.00 ns, 38.1222 us/op
// GC:  21 1 0 349902368 16384
// Threading:  103737 14665 16384


Mean = 36.952 μs, StdErr = 0.717 μs (1.94%), N = 6, StdDev = 1.757 μs
Min = 34.744 μs, Q1 = 35.930 μs, Median = 36.664 μs, Q3 = 37.892 μs, Max = 39.649 μs
IQR = 1.962 μs, LowerFence = 32.988 μs, UpperFence = 40.835 μs
ConfidenceInterval = [32.023 μs; 41.880 μs] (CI 99.9%), Margin = 4.928 μs (13.34% of Mean)
Skewness = 0.27, Kurtosis = 1.41, MValue = 2

// ** Remained 14 (77.8%) benchmark(s) to run. Estimated finish 2026-09-28 16:29 (0h 2m from now) **
Setup power plan (GUID: 8c5e7fda-e8bf-4a96-9a85-a6e23a8c635c FriendlyName: High performance)
// **************************
// Benchmark: AsyncResourceSyncBenchmarks.Pipeline_Old_WorkerGen_RenderSync: Job-HKQCAU(Toolchain=InProcessEmitToolchain, IterationCount=6, LaunchCount=1, WarmupCount=3) [TileCount=5]
// *** Execute ***
// Launch: 1 / 1

// Benchmark Process Environment Information:
// BenchmarkDotNet v0.15.8
// Runtime=.NET 10.0.12 (10.0.12, 10.0.1226.42308), X64 RyuJIT x86-64-v3
// GC=Concurrent Workstation
// HardwareIntrinsics=AVX2+BMI1+BMI2+F16C+FMA+LZCNT+MOVBE,AVX,SSE3+SSSE3+SSE4.1+SSE4.2+POPCNT,X86Base+SSE+SSE2,AES+PCLMUL VectorSize=256
// Job: Job-HKQCAU(Toolchain=InProcessEmitToolchain, IterationCount=6, LaunchCount=1, WarmupCount=3)

OverheadJitting  1: 1 op, 227600.00 ns, 227.6000 us/op
WorkloadJitting  1: 1 op, 410800.00 ns, 410.8000 us/op

OverheadJitting  2: 16 op, 390200.00 ns, 24.3875 us/op
WorkloadJitting  2: 16 op, 615200.00 ns, 38.4500 us/op

WorkloadPilot    1: 16 op, 211800.00 ns, 13.2375 us/op
WorkloadPilot    2: 32 op, 325400.00 ns, 10.1688 us/op
WorkloadPilot    3: 64 op, 655900.00 ns, 10.2484 us/op
WorkloadPilot    4: 128 op, 1275700.00 ns, 9.9664 us/op
WorkloadPilot    5: 256 op, 2611600.00 ns, 10.2016 us/op
WorkloadPilot    6: 512 op, 7014200.00 ns, 13.6996 us/op
WorkloadPilot    7: 1024 op, 13732000.00 ns, 13.4102 us/op
WorkloadPilot    8: 2048 op, 26837300.00 ns, 13.1042 us/op
WorkloadPilot    9: 4096 op, 44442500.00 ns, 10.8502 us/op
WorkloadPilot   10: 8192 op, 74608700.00 ns, 9.1075 us/op
WorkloadPilot   11: 16384 op, 139789500.00 ns, 8.5321 us/op
WorkloadPilot   12: 32768 op, 301603600.00 ns, 9.2042 us/op
WorkloadPilot   13: 65536 op, 567601000.00 ns, 8.6609 us/op

OverheadWarmup   1: 65536 op, 162500.00 ns, 2.4796 ns/op
OverheadWarmup   2: 65536 op, 99300.00 ns, 1.5152 ns/op
OverheadWarmup   3: 65536 op, 128300.00 ns, 1.9577 ns/op
OverheadWarmup   4: 65536 op, 101100.00 ns, 1.5427 ns/op
OverheadWarmup   5: 65536 op, 119500.00 ns, 1.8234 ns/op
OverheadWarmup   6: 65536 op, 172200.00 ns, 2.6276 ns/op
OverheadWarmup   7: 65536 op, 107300.00 ns, 1.6373 ns/op

OverheadActual   1: 65536 op, 151600.00 ns, 2.3132 ns/op
OverheadActual   2: 65536 op, 106600.00 ns, 1.6266 ns/op
OverheadActual   3: 65536 op, 215100.00 ns, 3.2822 ns/op
OverheadActual   4: 65536 op, 121800.00 ns, 1.8585 ns/op
OverheadActual   5: 65536 op, 131900.00 ns, 2.0126 ns/op
OverheadActual   6: 65536 op, 104900.00 ns, 1.6006 ns/op
OverheadActual   7: 65536 op, 105000.00 ns, 1.6022 ns/op
OverheadActual   8: 65536 op, 114100.00 ns, 1.7410 ns/op
OverheadActual   9: 65536 op, 186400.00 ns, 2.8442 ns/op
OverheadActual  10: 65536 op, 114000.00 ns, 1.7395 ns/op
OverheadActual  11: 65536 op, 104500.00 ns, 1.5945 ns/op
OverheadActual  12: 65536 op, 123800.00 ns, 1.8890 ns/op
OverheadActual  13: 65536 op, 116700.00 ns, 1.7807 ns/op
OverheadActual  14: 65536 op, 115900.00 ns, 1.7685 ns/op
OverheadActual  15: 65536 op, 99000.00 ns, 1.5106 ns/op
OverheadActual  16: 65536 op, 151200.00 ns, 2.3071 ns/op
OverheadActual  17: 65536 op, 143200.00 ns, 2.1851 ns/op
OverheadActual  18: 65536 op, 130400.00 ns, 1.9897 ns/op
OverheadActual  19: 65536 op, 148000.00 ns, 2.2583 ns/op
OverheadActual  20: 65536 op, 154800.00 ns, 2.3621 ns/op

WorkloadWarmup   1: 65536 op, 517377000.00 ns, 7.8945 us/op
WorkloadWarmup   2: 65536 op, 500858800.00 ns, 7.6425 us/op
WorkloadWarmup   3: 65536 op, 564230100.00 ns, 8.6095 us/op

WorkloadActual   1: 65536 op, 505699800.00 ns, 7.7164 us/op
WorkloadActual   2: 65536 op, 529651800.00 ns, 8.0818 us/op
WorkloadActual   3: 65536 op, 529009700.00 ns, 8.0720 us/op
WorkloadActual   4: 65536 op, 599565800.00 ns, 9.1486 us/op
WorkloadActual   5: 65536 op, 500653800.00 ns, 7.6394 us/op
WorkloadActual   6: 65536 op, 491720600.00 ns, 7.5031 us/op

WorkloadResult   1: 65536 op, 505577000.00 ns, 7.7145 us/op
WorkloadResult   2: 65536 op, 529529000.00 ns, 8.0800 us/op
WorkloadResult   3: 65536 op, 528886900.00 ns, 8.0702 us/op
WorkloadResult   4: 65536 op, 500531000.00 ns, 7.6375 us/op
WorkloadResult   5: 65536 op, 491597800.00 ns, 7.5012 us/op
// GC:  112 7 0 1880100080 65536
// Threading:  0 0 65536


Mean = 7.801 μs, StdErr = 0.117 μs (1.50%), N = 5, StdDev = 0.262 μs
Min = 7.501 μs, Q1 = 7.637 μs, Median = 7.714 μs, Q3 = 8.070 μs, Max = 8.080 μs
IQR = 0.433 μs, LowerFence = 6.988 μs, UpperFence = 8.719 μs
ConfidenceInterval = [6.792 μs; 8.809 μs] (CI 99.9%), Margin = 1.009 μs (12.93% of Mean)
Skewness = 0.11, Kurtosis = 0.86, MValue = 2

// ** Remained 13 (72.2%) benchmark(s) to run. Estimated finish 2026-09-28 16:29 (0h 1m from now) **
Setup power plan (GUID: 8c5e7fda-e8bf-4a96-9a85-a6e23a8c635c FriendlyName: High performance)
// **************************
// Benchmark: AsyncResourceSyncBenchmarks.Pipeline_New_AsyncGenAndSync: Job-HKQCAU(Toolchain=InProcessEmitToolchain, IterationCount=6, LaunchCount=1, WarmupCount=3) [TileCount=5]
// *** Execute ***
// Launch: 1 / 1

// Benchmark Process Environment Information:
// BenchmarkDotNet v0.15.8
// Runtime=.NET 10.0.12 (10.0.12, 10.0.1226.42308), X64 RyuJIT x86-64-v3
// GC=Concurrent Workstation
// HardwareIntrinsics=AVX2+BMI1+BMI2+F16C+FMA+LZCNT+MOVBE,AVX,SSE3+SSSE3+SSE4.1+SSE4.2+POPCNT,X86Base+SSE+SSE2,AES+PCLMUL VectorSize=256
// Job: Job-HKQCAU(Toolchain=InProcessEmitToolchain, IterationCount=6, LaunchCount=1, WarmupCount=3)

OverheadJitting  1: 1 op, 195200.00 ns, 195.2000 us/op
WorkloadJitting  1: 1 op, 494600.00 ns, 494.6000 us/op

OverheadJitting  2: 16 op, 507400.00 ns, 31.7125 us/op
WorkloadJitting  2: 16 op, 893000.00 ns, 55.8125 us/op

WorkloadPilot    1: 16 op, 515000.00 ns, 32.1875 us/op
WorkloadPilot    2: 32 op, 954100.00 ns, 29.8156 us/op
WorkloadPilot    3: 64 op, 1729500.00 ns, 27.0234 us/op
WorkloadPilot    4: 128 op, 4198600.00 ns, 32.8016 us/op
WorkloadPilot    5: 256 op, 6838000.00 ns, 26.7109 us/op
WorkloadPilot    6: 512 op, 16185200.00 ns, 31.6117 us/op
WorkloadPilot    7: 1024 op, 27009800.00 ns, 26.3768 us/op
WorkloadPilot    8: 2048 op, 63572100.00 ns, 31.0411 us/op
WorkloadPilot    9: 4096 op, 105067000.00 ns, 25.6511 us/op
WorkloadPilot   10: 8192 op, 144543900.00 ns, 17.6445 us/op
WorkloadPilot   11: 16384 op, 270244400.00 ns, 16.4944 us/op
WorkloadPilot   12: 32768 op, 571540100.00 ns, 17.4420 us/op

OverheadWarmup   1: 32768 op, 57400.00 ns, 1.7517 ns/op
OverheadWarmup   2: 32768 op, 72100.00 ns, 2.2003 ns/op
OverheadWarmup   3: 32768 op, 57800.00 ns, 1.7639 ns/op
OverheadWarmup   4: 32768 op, 57800.00 ns, 1.7639 ns/op
OverheadWarmup   5: 32768 op, 75800.00 ns, 2.3132 ns/op

OverheadActual   1: 32768 op, 55100.00 ns, 1.6815 ns/op
OverheadActual   2: 32768 op, 70400.00 ns, 2.1484 ns/op
OverheadActual   3: 32768 op, 70000.00 ns, 2.1362 ns/op
OverheadActual   4: 32768 op, 56900.00 ns, 1.7365 ns/op
OverheadActual   5: 32768 op, 84900.00 ns, 2.5909 ns/op
OverheadActual   6: 32768 op, 75900.00 ns, 2.3163 ns/op
OverheadActual   7: 32768 op, 67600.00 ns, 2.0630 ns/op
OverheadActual   8: 32768 op, 60200.00 ns, 1.8372 ns/op
OverheadActual   9: 32768 op, 68400.00 ns, 2.0874 ns/op
OverheadActual  10: 32768 op, 52900.00 ns, 1.6144 ns/op
OverheadActual  11: 32768 op, 51200.00 ns, 1.5625 ns/op
OverheadActual  12: 32768 op, 67500.00 ns, 2.0599 ns/op
OverheadActual  13: 32768 op, 57100.00 ns, 1.7426 ns/op
OverheadActual  14: 32768 op, 76800.00 ns, 2.3438 ns/op
OverheadActual  15: 32768 op, 73900.00 ns, 2.2552 ns/op
OverheadActual  16: 32768 op, 68800.00 ns, 2.0996 ns/op
OverheadActual  17: 32768 op, 59000.00 ns, 1.8005 ns/op
OverheadActual  18: 32768 op, 74300.00 ns, 2.2675 ns/op
OverheadActual  19: 32768 op, 72800.00 ns, 2.2217 ns/op
OverheadActual  20: 32768 op, 81200.00 ns, 2.4780 ns/op

WorkloadWarmup   1: 32768 op, 573182100.00 ns, 17.4921 us/op
WorkloadWarmup   2: 32768 op, 613714000.00 ns, 18.7291 us/op
WorkloadWarmup   3: 32768 op, 571088500.00 ns, 17.4282 us/op

WorkloadActual   1: 32768 op, 551650700.00 ns, 16.8350 us/op
WorkloadActual   2: 32768 op, 601534700.00 ns, 18.3574 us/op
WorkloadActual   3: 32768 op, 564534000.00 ns, 17.2282 us/op
WorkloadActual   4: 32768 op, 541218000.00 ns, 16.5167 us/op
WorkloadActual   5: 32768 op, 592580400.00 ns, 18.0841 us/op
WorkloadActual   6: 32768 op, 565391500.00 ns, 17.2544 us/op

WorkloadResult   1: 32768 op, 551582100.00 ns, 16.8329 us/op
WorkloadResult   2: 32768 op, 601466100.00 ns, 18.3553 us/op
WorkloadResult   3: 32768 op, 564465400.00 ns, 17.2261 us/op
WorkloadResult   4: 32768 op, 541149400.00 ns, 16.5146 us/op
WorkloadResult   5: 32768 op, 592511800.00 ns, 18.0820 us/op
WorkloadResult   6: 32768 op, 565322900.00 ns, 17.2523 us/op
// GC:  57 5 0 946038136 32768
// Threading:  169854 2434 32768


Mean = 17.377 μs, StdErr = 0.291 μs (1.67%), N = 6, StdDev = 0.712 μs
Min = 16.515 μs, Q1 = 16.931 μs, Median = 17.239 μs, Q3 = 17.875 μs, Max = 18.355 μs
IQR = 0.943 μs, LowerFence = 15.516 μs, UpperFence = 19.290 μs
ConfidenceInterval = [15.382 μs; 19.373 μs] (CI 99.9%), Margin = 1.996 μs (11.48% of Mean)
Skewness = 0.22, Kurtosis = 1.17, MValue = 2

// ** Remained 12 (66.7%) benchmark(s) to run. Estimated finish 2026-09-28 16:29 (0h 1m from now) **
Setup power plan (GUID: 8c5e7fda-e8bf-4a96-9a85-a6e23a8c635c FriendlyName: High performance)
// **************************
// Benchmark: AsyncResourceSyncBenchmarks.RenderThread_Old_SyncTileIngestion: Job-HKQCAU(Toolchain=InProcessEmitToolchain, IterationCount=6, LaunchCount=1, WarmupCount=3) [TileCount=20]
// *** Execute ***
// Launch: 1 / 1

// Benchmark Process Environment Information:
// BenchmarkDotNet v0.15.8
// Runtime=.NET 10.0.12 (10.0.12, 10.0.1226.42308), X64 RyuJIT x86-64-v3
// GC=Concurrent Workstation
// HardwareIntrinsics=AVX2+BMI1+BMI2+F16C+FMA+LZCNT+MOVBE,AVX,SSE3+SSSE3+SSE4.1+SSE4.2+POPCNT,X86Base+SSE+SSE2,AES+PCLMUL VectorSize=256
// Job: Job-HKQCAU(Toolchain=InProcessEmitToolchain, IterationCount=6, LaunchCount=1, WarmupCount=3)

OverheadJitting  1: 1 op, 210200.00 ns, 210.2000 us/op
WorkloadJitting  1: 1 op, 195700.00 ns, 195.7000 us/op

OverheadJitting  2: 16 op, 386500.00 ns, 24.1563 us/op
WorkloadJitting  2: 16 op, 986900.00 ns, 61.6813 us/op

WorkloadPilot    1: 16 op, 427700.00 ns, 26.7313 us/op
WorkloadPilot    2: 32 op, 686000.00 ns, 21.4375 us/op
WorkloadPilot    3: 64 op, 1215600.00 ns, 18.9938 us/op
WorkloadPilot    4: 128 op, 2414500.00 ns, 18.8633 us/op
WorkloadPilot    5: 256 op, 5618200.00 ns, 21.9461 us/op
WorkloadPilot    6: 512 op, 15807800.00 ns, 30.8746 us/op
WorkloadPilot    7: 1024 op, 22819100.00 ns, 22.2843 us/op
WorkloadPilot    8: 2048 op, 52801300.00 ns, 25.7819 us/op
WorkloadPilot    9: 4096 op, 104164100.00 ns, 25.4307 us/op
WorkloadPilot   10: 8192 op, 181117300.00 ns, 22.1090 us/op
WorkloadPilot   11: 16384 op, 376754600.00 ns, 22.9953 us/op
WorkloadPilot   12: 32768 op, 760039100.00 ns, 23.1946 us/op

OverheadWarmup   1: 32768 op, 77200.00 ns, 2.3560 ns/op
OverheadWarmup   2: 32768 op, 73800.00 ns, 2.2522 ns/op
OverheadWarmup   3: 32768 op, 69900.00 ns, 2.1332 ns/op
OverheadWarmup   4: 32768 op, 51800.00 ns, 1.5808 ns/op
OverheadWarmup   5: 32768 op, 69300.00 ns, 2.1149 ns/op
OverheadWarmup   6: 32768 op, 83500.00 ns, 2.5482 ns/op
OverheadWarmup   7: 32768 op, 70000.00 ns, 2.1362 ns/op
OverheadWarmup   8: 32768 op, 70200.00 ns, 2.1423 ns/op
OverheadWarmup   9: 32768 op, 75700.00 ns, 2.3102 ns/op
OverheadWarmup  10: 32768 op, 59000.00 ns, 1.8005 ns/op

OverheadActual   1: 32768 op, 76000.00 ns, 2.3193 ns/op
OverheadActual   2: 32768 op, 96200.00 ns, 2.9358 ns/op
OverheadActual   3: 32768 op, 74600.00 ns, 2.2766 ns/op
OverheadActual   4: 32768 op, 74400.00 ns, 2.2705 ns/op
OverheadActual   5: 32768 op, 64400.00 ns, 1.9653 ns/op
OverheadActual   6: 32768 op, 58400.00 ns, 1.7822 ns/op
OverheadActual   7: 32768 op, 63400.00 ns, 1.9348 ns/op
OverheadActual   8: 32768 op, 88100.00 ns, 2.6886 ns/op
OverheadActual   9: 32768 op, 71800.00 ns, 2.1912 ns/op
OverheadActual  10: 32768 op, 73100.00 ns, 2.2308 ns/op
OverheadActual  11: 32768 op, 70900.00 ns, 2.1637 ns/op
OverheadActual  12: 32768 op, 86300.00 ns, 2.6337 ns/op
OverheadActual  13: 32768 op, 77500.00 ns, 2.3651 ns/op
OverheadActual  14: 32768 op, 73100.00 ns, 2.2308 ns/op
OverheadActual  15: 32768 op, 65300.00 ns, 1.9928 ns/op
OverheadActual  16: 32768 op, 56100.00 ns, 1.7120 ns/op
OverheadActual  17: 32768 op, 69700.00 ns, 2.1271 ns/op
OverheadActual  18: 32768 op, 60700.00 ns, 1.8524 ns/op
OverheadActual  19: 32768 op, 76800.00 ns, 2.3438 ns/op
OverheadActual  20: 32768 op, 68200.00 ns, 2.0813 ns/op

WorkloadWarmup   1: 32768 op, 694500700.00 ns, 21.1945 us/op
WorkloadWarmup   2: 32768 op, 748459800.00 ns, 22.8412 us/op
WorkloadWarmup   3: 32768 op, 708787500.00 ns, 21.6305 us/op

WorkloadActual   1: 32768 op, 688729600.00 ns, 21.0184 us/op
WorkloadActual   2: 32768 op, 775096600.00 ns, 23.6541 us/op
WorkloadActual   3: 32768 op, 716079600.00 ns, 21.8530 us/op
WorkloadActual   4: 32768 op, 680753100.00 ns, 20.7749 us/op
WorkloadActual   5: 32768 op, 746220700.00 ns, 22.7728 us/op
WorkloadActual   6: 32768 op, 701982200.00 ns, 21.4228 us/op

WorkloadResult   1: 32768 op, 688657150.00 ns, 21.0161 us/op
WorkloadResult   2: 32768 op, 775024150.00 ns, 23.6519 us/op
WorkloadResult   3: 32768 op, 716007150.00 ns, 21.8508 us/op
WorkloadResult   4: 32768 op, 680680650.00 ns, 20.7727 us/op
WorkloadResult   5: 32768 op, 746148250.00 ns, 22.7706 us/op
WorkloadResult   6: 32768 op, 701909750.00 ns, 21.4206 us/op
// GC:  83 8 0 1390415472 32768
// Threading:  0 0 32768


Mean = 21.914 μs, StdErr = 0.451 μs (2.06%), N = 6, StdDev = 1.105 μs
Min = 20.773 μs, Q1 = 21.117 μs, Median = 21.636 μs, Q3 = 22.541 μs, Max = 23.652 μs
IQR = 1.423 μs, LowerFence = 18.982 μs, UpperFence = 24.676 μs
ConfidenceInterval = [18.814 μs; 25.014 μs] (CI 99.9%), Margin = 3.100 μs (14.15% of Mean)
Skewness = 0.44, Kurtosis = 1.35, MValue = 2

// ** Remained 11 (61.1%) benchmark(s) to run. Estimated finish 2026-09-28 16:29 (0h 1m from now) **
Setup power plan (GUID: 8c5e7fda-e8bf-4a96-9a85-a6e23a8c635c FriendlyName: High performance)
// **************************
// Benchmark: AsyncResourceSyncBenchmarks.RenderThread_New_AsyncPreSynced: Job-HKQCAU(Toolchain=InProcessEmitToolchain, IterationCount=6, LaunchCount=1, WarmupCount=3) [TileCount=20]
// *** Execute ***
// Launch: 1 / 1

// Benchmark Process Environment Information:
// BenchmarkDotNet v0.15.8
// Runtime=.NET 10.0.12 (10.0.12, 10.0.1226.42308), X64 RyuJIT x86-64-v3
// GC=Concurrent Workstation
// HardwareIntrinsics=AVX2+BMI1+BMI2+F16C+FMA+LZCNT+MOVBE,AVX,SSE3+SSSE3+SSE4.1+SSE4.2+POPCNT,X86Base+SSE+SSE2,AES+PCLMUL VectorSize=256
// Job: Job-HKQCAU(Toolchain=InProcessEmitToolchain, IterationCount=6, LaunchCount=1, WarmupCount=3)

OverheadJitting  1: 1 op, 513500.00 ns, 513.5000 us/op
WorkloadJitting  1: 1 op, 387700.00 ns, 387.7000 us/op

OverheadJitting  2: 16 op, 672600.00 ns, 42.0375 us/op
WorkloadJitting  2: 16 op, 667300.00 ns, 41.7063 us/op

WorkloadPilot    1: 16 op, 145400.00 ns, 9.0875 us/op
WorkloadPilot    2: 32 op, 166100.00 ns, 5.1906 us/op
WorkloadPilot    3: 64 op, 501800.00 ns, 7.8406 us/op
WorkloadPilot    4: 128 op, 757400.00 ns, 5.9172 us/op
WorkloadPilot    5: 256 op, 1713000.00 ns, 6.6914 us/op
WorkloadPilot    6: 512 op, 2772100.00 ns, 5.4143 us/op
WorkloadPilot    7: 1024 op, 5512700.00 ns, 5.3835 us/op
WorkloadPilot    8: 2048 op, 12947900.00 ns, 6.3222 us/op
WorkloadPilot    9: 4096 op, 30596400.00 ns, 7.4698 us/op
WorkloadPilot   10: 8192 op, 62215900.00 ns, 7.5947 us/op
WorkloadPilot   11: 16384 op, 122063400.00 ns, 7.4502 us/op
WorkloadPilot   12: 32768 op, 190474600.00 ns, 5.8128 us/op
WorkloadPilot   13: 65536 op, 363958800.00 ns, 5.5536 us/op
WorkloadPilot   14: 131072 op, 720856900.00 ns, 5.4997 us/op

OverheadWarmup   1: 131072 op, 231800.00 ns, 1.7685 ns/op
OverheadWarmup   2: 131072 op, 212200.00 ns, 1.6190 ns/op
OverheadWarmup   3: 131072 op, 234900.00 ns, 1.7921 ns/op
OverheadWarmup   4: 131072 op, 212800.00 ns, 1.6235 ns/op
OverheadWarmup   5: 131072 op, 232900.00 ns, 1.7769 ns/op
OverheadWarmup   6: 131072 op, 202600.00 ns, 1.5457 ns/op

OverheadActual   1: 131072 op, 277000.00 ns, 2.1133 ns/op
OverheadActual   2: 131072 op, 237200.00 ns, 1.8097 ns/op
OverheadActual   3: 131072 op, 232700.00 ns, 1.7754 ns/op
OverheadActual   4: 131072 op, 285200.00 ns, 2.1759 ns/op
OverheadActual   5: 131072 op, 226200.00 ns, 1.7258 ns/op
OverheadActual   6: 131072 op, 236800.00 ns, 1.8066 ns/op
OverheadActual   7: 131072 op, 327000.00 ns, 2.4948 ns/op
OverheadActual   8: 131072 op, 208900.00 ns, 1.5938 ns/op
OverheadActual   9: 131072 op, 206000.00 ns, 1.5717 ns/op
OverheadActual  10: 131072 op, 227800.00 ns, 1.7380 ns/op
OverheadActual  11: 131072 op, 222900.00 ns, 1.7006 ns/op
OverheadActual  12: 131072 op, 220600.00 ns, 1.6830 ns/op
OverheadActual  13: 131072 op, 232200.00 ns, 1.7715 ns/op
OverheadActual  14: 131072 op, 226800.00 ns, 1.7303 ns/op
OverheadActual  15: 131072 op, 254100.00 ns, 1.9386 ns/op
OverheadActual  16: 131072 op, 201700.00 ns, 1.5388 ns/op
OverheadActual  17: 131072 op, 222100.00 ns, 1.6945 ns/op
OverheadActual  18: 131072 op, 225800.00 ns, 1.7227 ns/op
OverheadActual  19: 131072 op, 202100.00 ns, 1.5419 ns/op
OverheadActual  20: 131072 op, 274200.00 ns, 2.0920 ns/op

WorkloadWarmup   1: 131072 op, 774748200.00 ns, 5.9109 us/op
WorkloadWarmup   2: 131072 op, 734287600.00 ns, 5.6022 us/op
WorkloadWarmup   3: 131072 op, 788943600.00 ns, 6.0192 us/op

WorkloadActual   1: 131072 op, 790876400.00 ns, 6.0339 us/op
WorkloadActual   2: 131072 op, 797155800.00 ns, 6.0818 us/op
WorkloadActual   3: 131072 op, 800217900.00 ns, 6.1052 us/op
WorkloadActual   4: 131072 op, 788312300.00 ns, 6.0143 us/op
WorkloadActual   5: 131072 op, 757449600.00 ns, 5.7789 us/op
WorkloadActual   6: 131072 op, 818302800.00 ns, 6.2432 us/op

WorkloadResult   1: 131072 op, 790649100.00 ns, 6.0322 us/op
WorkloadResult   2: 131072 op, 796928500.00 ns, 6.0801 us/op
WorkloadResult   3: 131072 op, 799990600.00 ns, 6.1034 us/op
WorkloadResult   4: 131072 op, 788085000.00 ns, 6.0126 us/op
WorkloadResult   5: 131072 op, 757222300.00 ns, 5.7771 us/op
// GC:  0 0 0 3696 131072
// Threading:  0 0 131072


Mean = 6.001 μs, StdErr = 0.058 μs (0.97%), N = 5, StdDev = 0.130 μs
Min = 5.777 μs, Q1 = 6.013 μs, Median = 6.032 μs, Q3 = 6.080 μs, Max = 6.103 μs
IQR = 0.067 μs, LowerFence = 5.911 μs, UpperFence = 6.181 μs
ConfidenceInterval = [5.499 μs; 6.503 μs] (CI 99.9%), Margin = 0.502 μs (8.36% of Mean)
Skewness = -0.87, Kurtosis = 1.85, MValue = 2

// ** Remained 10 (55.6%) benchmark(s) to run. Estimated finish 2026-09-28 16:29 (0h 1m from now) **
Setup power plan (GUID: 8c5e7fda-e8bf-4a96-9a85-a6e23a8c635c FriendlyName: High performance)
// **************************
// Benchmark: AsyncResourceSyncBenchmarks.DrawBatch_Sequential_Ingestion: Job-HKQCAU(Toolchain=InProcessEmitToolchain, IterationCount=6, LaunchCount=1, WarmupCount=3) [TileCount=20]
// *** Execute ***
// Launch: 1 / 1

// Benchmark Process Environment Information:
// BenchmarkDotNet v0.15.8
// Runtime=.NET 10.0.12 (10.0.12, 10.0.1226.42308), X64 RyuJIT x86-64-v3
// GC=Concurrent Workstation
// HardwareIntrinsics=AVX2+BMI1+BMI2+F16C+FMA+LZCNT+MOVBE,AVX,SSE3+SSSE3+SSE4.1+SSE4.2+POPCNT,X86Base+SSE+SSE2,AES+PCLMUL VectorSize=256
// Job: Job-HKQCAU(Toolchain=InProcessEmitToolchain, IterationCount=6, LaunchCount=1, WarmupCount=3)

OverheadJitting  1: 1 op, 394100.00 ns, 394.1000 us/op
WorkloadJitting  1: 1 op, 223800.00 ns, 223.8000 us/op

OverheadJitting  2: 16 op, 446400.00 ns, 27.9000 us/op
WorkloadJitting  2: 16 op, 1207100.00 ns, 75.4438 us/op

WorkloadPilot    1: 16 op, 489500.00 ns, 30.5938 us/op
WorkloadPilot    2: 32 op, 792200.00 ns, 24.7563 us/op
WorkloadPilot    3: 64 op, 1827300.00 ns, 28.5516 us/op
WorkloadPilot    4: 128 op, 3121300.00 ns, 24.3852 us/op
WorkloadPilot    5: 256 op, 9185200.00 ns, 35.8797 us/op
WorkloadPilot    6: 512 op, 18557200.00 ns, 36.2445 us/op
WorkloadPilot    7: 1024 op, 26186200.00 ns, 25.5725 us/op
WorkloadPilot    8: 2048 op, 47691700.00 ns, 23.2870 us/op
WorkloadPilot    9: 4096 op, 101020500.00 ns, 24.6632 us/op
WorkloadPilot   10: 8192 op, 184464100.00 ns, 22.5176 us/op
WorkloadPilot   11: 16384 op, 365238000.00 ns, 22.2924 us/op
WorkloadPilot   12: 32768 op, 670448600.00 ns, 20.4605 us/op

OverheadWarmup   1: 32768 op, 57300.00 ns, 1.7487 ns/op
OverheadWarmup   2: 32768 op, 68300.00 ns, 2.0844 ns/op
OverheadWarmup   3: 32768 op, 275100.00 ns, 8.3954 ns/op
OverheadWarmup   4: 32768 op, 103100.00 ns, 3.1464 ns/op
OverheadWarmup   5: 32768 op, 71500.00 ns, 2.1820 ns/op
OverheadWarmup   6: 32768 op, 75500.00 ns, 2.3041 ns/op
OverheadWarmup   7: 32768 op, 72900.00 ns, 2.2247 ns/op

OverheadActual   1: 32768 op, 52500.00 ns, 1.6022 ns/op
OverheadActual   2: 32768 op, 56300.00 ns, 1.7181 ns/op
OverheadActual   3: 32768 op, 56200.00 ns, 1.7151 ns/op
OverheadActual   4: 32768 op, 67400.00 ns, 2.0569 ns/op
OverheadActual   5: 32768 op, 62700.00 ns, 1.9135 ns/op
OverheadActual   6: 32768 op, 58400.00 ns, 1.7822 ns/op
OverheadActual   7: 32768 op, 72200.00 ns, 2.2034 ns/op
OverheadActual   8: 32768 op, 67400.00 ns, 2.0569 ns/op
OverheadActual   9: 32768 op, 66900.00 ns, 2.0416 ns/op
OverheadActual  10: 32768 op, 69000.00 ns, 2.1057 ns/op
OverheadActual  11: 32768 op, 58900.00 ns, 1.7975 ns/op
OverheadActual  12: 32768 op, 79900.00 ns, 2.4384 ns/op
OverheadActual  13: 32768 op, 64600.00 ns, 1.9714 ns/op
OverheadActual  14: 32768 op, 72700.00 ns, 2.2186 ns/op
OverheadActual  15: 32768 op, 73900.00 ns, 2.2552 ns/op
OverheadActual  16: 32768 op, 53200.00 ns, 1.6235 ns/op
OverheadActual  17: 32768 op, 70800.00 ns, 2.1606 ns/op
OverheadActual  18: 32768 op, 50500.00 ns, 1.5411 ns/op
OverheadActual  19: 32768 op, 63100.00 ns, 1.9257 ns/op
OverheadActual  20: 32768 op, 96600.00 ns, 2.9480 ns/op

WorkloadWarmup   1: 32768 op, 748780100.00 ns, 22.8510 us/op
WorkloadWarmup   2: 32768 op, 710569400.00 ns, 21.6849 us/op
WorkloadWarmup   3: 32768 op, 647465500.00 ns, 19.7591 us/op

WorkloadActual   1: 32768 op, 662409200.00 ns, 20.2151 us/op
WorkloadActual   2: 32768 op, 718058900.00 ns, 21.9134 us/op
WorkloadActual   3: 32768 op, 686233900.00 ns, 20.9422 us/op
WorkloadActual   4: 32768 op, 665938200.00 ns, 20.3228 us/op
WorkloadActual   5: 32768 op, 694400900.00 ns, 21.1914 us/op
WorkloadActual   6: 32768 op, 635609200.00 ns, 19.3973 us/op

WorkloadResult   1: 32768 op, 662343450.00 ns, 20.2131 us/op
WorkloadResult   2: 32768 op, 717993150.00 ns, 21.9114 us/op
WorkloadResult   3: 32768 op, 686168150.00 ns, 20.9402 us/op
WorkloadResult   4: 32768 op, 665872450.00 ns, 20.3208 us/op
WorkloadResult   5: 32768 op, 694335150.00 ns, 21.1894 us/op
WorkloadResult   6: 32768 op, 635543450.00 ns, 19.3952 us/op
// GC:  83 8 0 1390414416 32768
// Threading:  0 0 32768


Mean = 20.662 μs, StdErr = 0.358 μs (1.73%), N = 6, StdDev = 0.876 μs
Min = 19.395 μs, Q1 = 20.240 μs, Median = 20.631 μs, Q3 = 21.127 μs, Max = 21.911 μs
IQR = 0.887 μs, LowerFence = 18.909 μs, UpperFence = 22.458 μs
ConfidenceInterval = [18.205 μs; 23.119 μs] (CI 99.9%), Margin = 2.457 μs (11.89% of Mean)
Skewness = -0.01, Kurtosis = 1.46, MValue = 2

// ** Remained 9 (50.0%) benchmark(s) to run. Estimated finish 2026-09-28 16:29 (0h 1m from now) **
Setup power plan (GUID: 8c5e7fda-e8bf-4a96-9a85-a6e23a8c635c FriendlyName: High performance)
// **************************
// Benchmark: AsyncResourceSyncBenchmarks.DrawBatch_Parallel_LockContention: Job-HKQCAU(Toolchain=InProcessEmitToolchain, IterationCount=6, LaunchCount=1, WarmupCount=3) [TileCount=20]
// *** Execute ***
// Launch: 1 / 1

// Benchmark Process Environment Information:
// BenchmarkDotNet v0.15.8
// Runtime=.NET 10.0.12 (10.0.12, 10.0.1226.42308), X64 RyuJIT x86-64-v3
// GC=Concurrent Workstation
// HardwareIntrinsics=AVX2+BMI1+BMI2+F16C+FMA+LZCNT+MOVBE,AVX,SSE3+SSSE3+SSE4.1+SSE4.2+POPCNT,X86Base+SSE+SSE2,AES+PCLMUL VectorSize=256
// Job: Job-HKQCAU(Toolchain=InProcessEmitToolchain, IterationCount=6, LaunchCount=1, WarmupCount=3)

OverheadJitting  1: 1 op, 225700.00 ns, 225.7000 us/op
WorkloadJitting  1: 1 op, 665200.00 ns, 665.2000 us/op

OverheadJitting  2: 16 op, 447100.00 ns, 27.9438 us/op
WorkloadJitting  2: 16 op, 2645900.00 ns, 165.3688 us/op

WorkloadPilot    1: 16 op, 2506000.00 ns, 156.6250 us/op
WorkloadPilot    2: 32 op, 5442300.00 ns, 170.0719 us/op
WorkloadPilot    3: 64 op, 8937100.00 ns, 139.6422 us/op
WorkloadPilot    4: 128 op, 18941800.00 ns, 147.9828 us/op
WorkloadPilot    5: 256 op, 36921300.00 ns, 144.2238 us/op
WorkloadPilot    6: 512 op, 83709600.00 ns, 163.4953 us/op
WorkloadPilot    7: 1024 op, 136382000.00 ns, 133.1855 us/op
WorkloadPilot    8: 2048 op, 270948200.00 ns, 132.2989 us/op
WorkloadPilot    9: 4096 op, 484079800.00 ns, 118.1835 us/op
WorkloadPilot   10: 8192 op, 1045337000.00 ns, 127.6046 us/op

OverheadWarmup   1: 8192 op, 16000.00 ns, 1.9531 ns/op
OverheadWarmup   2: 8192 op, 17700.00 ns, 2.1606 ns/op
OverheadWarmup   3: 8192 op, 17500.00 ns, 2.1362 ns/op
OverheadWarmup   4: 8192 op, 19200.00 ns, 2.3438 ns/op
OverheadWarmup   5: 8192 op, 16000.00 ns, 1.9531 ns/op

OverheadActual   1: 8192 op, 18700.00 ns, 2.2827 ns/op
OverheadActual   2: 8192 op, 20200.00 ns, 2.4658 ns/op
OverheadActual   3: 8192 op, 19600.00 ns, 2.3926 ns/op
OverheadActual   4: 8192 op, 22000.00 ns, 2.6855 ns/op
OverheadActual   5: 8192 op, 24800.00 ns, 3.0273 ns/op
OverheadActual   6: 8192 op, 19100.00 ns, 2.3315 ns/op
OverheadActual   7: 8192 op, 19300.00 ns, 2.3560 ns/op
OverheadActual   8: 8192 op, 19700.00 ns, 2.4048 ns/op
OverheadActual   9: 8192 op, 18300.00 ns, 2.2339 ns/op
OverheadActual  10: 8192 op, 16800.00 ns, 2.0508 ns/op
OverheadActual  11: 8192 op, 18000.00 ns, 2.1973 ns/op
OverheadActual  12: 8192 op, 20000.00 ns, 2.4414 ns/op
OverheadActual  13: 8192 op, 22300.00 ns, 2.7222 ns/op
OverheadActual  14: 8192 op, 12700.00 ns, 1.5503 ns/op
OverheadActual  15: 8192 op, 28800.00 ns, 3.5156 ns/op
OverheadActual  16: 8192 op, 19300.00 ns, 2.3560 ns/op
OverheadActual  17: 8192 op, 20800.00 ns, 2.5391 ns/op
OverheadActual  18: 8192 op, 18300.00 ns, 2.2339 ns/op
OverheadActual  19: 8192 op, 21500.00 ns, 2.6245 ns/op
OverheadActual  20: 8192 op, 24200.00 ns, 2.9541 ns/op

WorkloadWarmup   1: 8192 op, 1050248000.00 ns, 128.2041 us/op
WorkloadWarmup   2: 8192 op, 1059642600.00 ns, 129.3509 us/op
WorkloadWarmup   3: 8192 op, 1194900200.00 ns, 145.8618 us/op

WorkloadActual   1: 8192 op, 1051621600.00 ns, 128.3718 us/op
WorkloadActual   2: 8192 op, 1064812600.00 ns, 129.9820 us/op
WorkloadActual   3: 8192 op, 965247400.00 ns, 117.8281 us/op
WorkloadActual   4: 8192 op, 1000420800.00 ns, 122.1217 us/op
WorkloadActual   5: 8192 op, 1041963900.00 ns, 127.1929 us/op
WorkloadActual   6: 8192 op, 973504400.00 ns, 118.8360 us/op

WorkloadResult   1: 8192 op, 1051601950.00 ns, 128.3694 us/op
WorkloadResult   2: 8192 op, 1064792950.00 ns, 129.9796 us/op
WorkloadResult   3: 8192 op, 965227750.00 ns, 117.8257 us/op
WorkloadResult   4: 8192 op, 1000401150.00 ns, 122.1193 us/op
WorkloadResult   5: 8192 op, 1041944250.00 ns, 127.1905 us/op
WorkloadResult   6: 8192 op, 973484750.00 ns, 118.8336 us/op
// GC:  23 2 0 383341352 8192
// Threading:  78358 35580 8192


Mean = 124.053 μs, StdErr = 2.108 μs (1.70%), N = 6, StdDev = 5.165 μs
Min = 117.826 μs, Q1 = 119.655 μs, Median = 124.655 μs, Q3 = 128.075 μs, Max = 129.980 μs
IQR = 8.420 μs, LowerFence = 107.026 μs, UpperFence = 140.704 μs
ConfidenceInterval = [109.571 μs; 138.535 μs] (CI 99.9%), Margin = 14.482 μs (11.67% of Mean)
Skewness = -0.09, Kurtosis = 0.92, MValue = 2

// ** Remained 8 (44.4%) benchmark(s) to run. Estimated finish 2026-09-28 16:29 (0h 1m from now) **
Setup power plan (GUID: 8c5e7fda-e8bf-4a96-9a85-a6e23a8c635c FriendlyName: High performance)
// **************************
// Benchmark: AsyncResourceSyncBenchmarks.Pipeline_Old_WorkerGen_RenderSync: Job-HKQCAU(Toolchain=InProcessEmitToolchain, IterationCount=6, LaunchCount=1, WarmupCount=3) [TileCount=20]
// *** Execute ***
// Launch: 1 / 1

// Benchmark Process Environment Information:
// BenchmarkDotNet v0.15.8
// Runtime=.NET 10.0.12 (10.0.12, 10.0.1226.42308), X64 RyuJIT x86-64-v3
// GC=Concurrent Workstation
// HardwareIntrinsics=AVX2+BMI1+BMI2+F16C+FMA+LZCNT+MOVBE,AVX,SSE3+SSSE3+SSE4.1+SSE4.2+POPCNT,X86Base+SSE+SSE2,AES+PCLMUL VectorSize=256
// Job: Job-HKQCAU(Toolchain=InProcessEmitToolchain, IterationCount=6, LaunchCount=1, WarmupCount=3)

OverheadJitting  1: 1 op, 347100.00 ns, 347.1000 us/op
WorkloadJitting  1: 1 op, 336200.00 ns, 336.2000 us/op

OverheadJitting  2: 16 op, 748400.00 ns, 46.7750 us/op
WorkloadJitting  2: 16 op, 1503600.00 ns, 93.9750 us/op

WorkloadPilot    1: 16 op, 595000.00 ns, 37.1875 us/op
WorkloadPilot    2: 32 op, 1334300.00 ns, 41.6969 us/op
WorkloadPilot    3: 64 op, 2526100.00 ns, 39.4703 us/op
WorkloadPilot    4: 128 op, 5765600.00 ns, 45.0438 us/op
WorkloadPilot    5: 256 op, 11181700.00 ns, 43.6785 us/op
WorkloadPilot    6: 512 op, 20532700.00 ns, 40.1029 us/op
WorkloadPilot    7: 1024 op, 27882500.00 ns, 27.2290 us/op
WorkloadPilot    8: 2048 op, 74123300.00 ns, 36.1930 us/op
WorkloadPilot    9: 4096 op, 119496800.00 ns, 29.1740 us/op
WorkloadPilot   10: 8192 op, 238907900.00 ns, 29.1636 us/op
WorkloadPilot   11: 16384 op, 482163700.00 ns, 29.4289 us/op
WorkloadPilot   12: 32768 op, 1002772300.00 ns, 30.6022 us/op

OverheadWarmup   1: 32768 op, 51800.00 ns, 1.5808 ns/op
OverheadWarmup   2: 32768 op, 74100.00 ns, 2.2614 ns/op
OverheadWarmup   3: 32768 op, 52900.00 ns, 1.6144 ns/op
OverheadWarmup   4: 32768 op, 55800.00 ns, 1.7029 ns/op
OverheadWarmup   5: 32768 op, 84700.00 ns, 2.5848 ns/op
OverheadWarmup   6: 32768 op, 56800.00 ns, 1.7334 ns/op

OverheadActual   1: 32768 op, 53000.00 ns, 1.6174 ns/op
OverheadActual   2: 32768 op, 48800.00 ns, 1.4893 ns/op
OverheadActual   3: 32768 op, 67600.00 ns, 2.0630 ns/op
OverheadActual   4: 32768 op, 49900.00 ns, 1.5228 ns/op
OverheadActual   5: 32768 op, 91100.00 ns, 2.7802 ns/op
OverheadActual   6: 32768 op, 70900.00 ns, 2.1637 ns/op
OverheadActual   7: 32768 op, 49600.00 ns, 1.5137 ns/op
OverheadActual   8: 32768 op, 70800.00 ns, 2.1606 ns/op
OverheadActual   9: 32768 op, 55800.00 ns, 1.7029 ns/op
OverheadActual  10: 32768 op, 68800.00 ns, 2.0996 ns/op
OverheadActual  11: 32768 op, 90800.00 ns, 2.7710 ns/op
OverheadActual  12: 32768 op, 59800.00 ns, 1.8250 ns/op
OverheadActual  13: 32768 op, 83300.00 ns, 2.5421 ns/op
OverheadActual  14: 32768 op, 75500.00 ns, 2.3041 ns/op
OverheadActual  15: 32768 op, 182000.00 ns, 5.5542 ns/op
OverheadActual  16: 32768 op, 71800.00 ns, 2.1912 ns/op
OverheadActual  17: 32768 op, 48600.00 ns, 1.4832 ns/op
OverheadActual  18: 32768 op, 75900.00 ns, 2.3163 ns/op
OverheadActual  19: 32768 op, 58500.00 ns, 1.7853 ns/op
OverheadActual  20: 32768 op, 52400.00 ns, 1.5991 ns/op

WorkloadWarmup   1: 32768 op, 916831300.00 ns, 27.9795 us/op
WorkloadWarmup   2: 32768 op, 993256500.00 ns, 30.3118 us/op
WorkloadWarmup   3: 32768 op, 977088900.00 ns, 29.8184 us/op

WorkloadActual   1: 32768 op, 1006889200.00 ns, 30.7278 us/op
WorkloadActual   2: 32768 op, 1017793400.00 ns, 31.0606 us/op
WorkloadActual   3: 32768 op, 995292800.00 ns, 30.3739 us/op
WorkloadActual   4: 32768 op, 941010600.00 ns, 28.7174 us/op
WorkloadActual   5: 32768 op, 999510200.00 ns, 30.5026 us/op
WorkloadActual   6: 32768 op, 1023432500.00 ns, 31.2327 us/op

WorkloadResult   1: 32768 op, 1006821000.00 ns, 30.7257 us/op
WorkloadResult   2: 32768 op, 1017725200.00 ns, 31.0585 us/op
WorkloadResult   3: 32768 op, 995224600.00 ns, 30.3718 us/op
WorkloadResult   4: 32768 op, 940942400.00 ns, 28.7153 us/op
WorkloadResult   5: 32768 op, 999442000.00 ns, 30.5005 us/op
WorkloadResult   6: 32768 op, 1023364300.00 ns, 31.2306 us/op
// GC:  171 28 0 2864451472 32768
// Threading:  0 0 32768


Mean = 30.434 μs, StdErr = 0.368 μs (1.21%), N = 6, StdDev = 0.902 μs
Min = 28.715 μs, Q1 = 30.404 μs, Median = 30.613 μs, Q3 = 30.975 μs, Max = 31.231 μs
IQR = 0.571 μs, LowerFence = 29.547 μs, UpperFence = 31.832 μs
ConfidenceInterval = [27.903 μs; 32.964 μs] (CI 99.9%), Margin = 2.531 μs (8.32% of Mean)
Skewness = -0.98, Kurtosis = 2.33, MValue = 2

// ** Remained 7 (38.9%) benchmark(s) to run. Estimated finish 2026-09-28 16:29 (0h 1m from now) **
Setup power plan (GUID: 8c5e7fda-e8bf-4a96-9a85-a6e23a8c635c FriendlyName: High performance)
// **************************
// Benchmark: AsyncResourceSyncBenchmarks.Pipeline_New_AsyncGenAndSync: Job-HKQCAU(Toolchain=InProcessEmitToolchain, IterationCount=6, LaunchCount=1, WarmupCount=3) [TileCount=20]
// *** Execute ***
// Launch: 1 / 1

// Benchmark Process Environment Information:
// BenchmarkDotNet v0.15.8
// Runtime=.NET 10.0.12 (10.0.12, 10.0.1226.42308), X64 RyuJIT x86-64-v3
// GC=Concurrent Workstation
// HardwareIntrinsics=AVX2+BMI1+BMI2+F16C+FMA+LZCNT+MOVBE,AVX,SSE3+SSSE3+SSE4.1+SSE4.2+POPCNT,X86Base+SSE+SSE2,AES+PCLMUL VectorSize=256
// Job: Job-HKQCAU(Toolchain=InProcessEmitToolchain, IterationCount=6, LaunchCount=1, WarmupCount=3)

OverheadJitting  1: 1 op, 319100.00 ns, 319.1000 us/op
WorkloadJitting  1: 1 op, 370200.00 ns, 370.2000 us/op

OverheadJitting  2: 16 op, 617400.00 ns, 38.5875 us/op
WorkloadJitting  2: 16 op, 1930800.00 ns, 120.6750 us/op

WorkloadPilot    1: 16 op, 1488800.00 ns, 93.0500 us/op
WorkloadPilot    2: 32 op, 2884300.00 ns, 90.1344 us/op
WorkloadPilot    3: 64 op, 5894200.00 ns, 92.0969 us/op
WorkloadPilot    4: 128 op, 12847600.00 ns, 100.3719 us/op
WorkloadPilot    5: 256 op, 27488500.00 ns, 107.3770 us/op
WorkloadPilot    6: 512 op, 46732600.00 ns, 91.2746 us/op
WorkloadPilot    7: 1024 op, 101038400.00 ns, 98.6703 us/op
WorkloadPilot    8: 2048 op, 180064200.00 ns, 87.9220 us/op
WorkloadPilot    9: 4096 op, 327386000.00 ns, 79.9282 us/op
WorkloadPilot   10: 8192 op, 730265100.00 ns, 89.1437 us/op

OverheadWarmup   1: 8192 op, 23800.00 ns, 2.9053 ns/op
OverheadWarmup   2: 8192 op, 21800.00 ns, 2.6611 ns/op
OverheadWarmup   3: 8192 op, 20800.00 ns, 2.5391 ns/op
OverheadWarmup   4: 8192 op, 18700.00 ns, 2.2827 ns/op
OverheadWarmup   5: 8192 op, 15100.00 ns, 1.8433 ns/op
OverheadWarmup   6: 8192 op, 14900.00 ns, 1.8188 ns/op
OverheadWarmup   7: 8192 op, 19800.00 ns, 2.4170 ns/op
OverheadWarmup   8: 8192 op, 20100.00 ns, 2.4536 ns/op
OverheadWarmup   9: 8192 op, 19800.00 ns, 2.4170 ns/op
OverheadWarmup  10: 8192 op, 20400.00 ns, 2.4902 ns/op

OverheadActual   1: 8192 op, 17900.00 ns, 2.1851 ns/op
OverheadActual   2: 8192 op, 19800.00 ns, 2.4170 ns/op
OverheadActual   3: 8192 op, 25200.00 ns, 3.0762 ns/op
OverheadActual   4: 8192 op, 24800.00 ns, 3.0273 ns/op
OverheadActual   5: 8192 op, 25100.00 ns, 3.0640 ns/op
OverheadActual   6: 8192 op, 24600.00 ns, 3.0029 ns/op
OverheadActual   7: 8192 op, 23900.00 ns, 2.9175 ns/op
OverheadActual   8: 8192 op, 17800.00 ns, 2.1729 ns/op
OverheadActual   9: 8192 op, 24600.00 ns, 3.0029 ns/op
OverheadActual  10: 8192 op, 21600.00 ns, 2.6367 ns/op
OverheadActual  11: 8192 op, 19000.00 ns, 2.3193 ns/op
OverheadActual  12: 8192 op, 18400.00 ns, 2.2461 ns/op
OverheadActual  13: 8192 op, 20700.00 ns, 2.5269 ns/op
OverheadActual  14: 8192 op, 25100.00 ns, 3.0640 ns/op
OverheadActual  15: 8192 op, 24500.00 ns, 2.9907 ns/op
OverheadActual  16: 8192 op, 15200.00 ns, 1.8555 ns/op
OverheadActual  17: 8192 op, 14800.00 ns, 1.8066 ns/op
OverheadActual  18: 8192 op, 14700.00 ns, 1.7944 ns/op
OverheadActual  19: 8192 op, 19300.00 ns, 2.3560 ns/op
OverheadActual  20: 8192 op, 13300.00 ns, 1.6235 ns/op

WorkloadWarmup   1: 8192 op, 684109400.00 ns, 83.5094 us/op
WorkloadWarmup   2: 8192 op, 682248500.00 ns, 83.2823 us/op
WorkloadWarmup   3: 8192 op, 682367500.00 ns, 83.2968 us/op

WorkloadActual   1: 8192 op, 670659500.00 ns, 81.8676 us/op
WorkloadActual   2: 8192 op, 742421100.00 ns, 90.6276 us/op
WorkloadActual   3: 8192 op, 679039000.00 ns, 82.8905 us/op
WorkloadActual   4: 8192 op, 655404500.00 ns, 80.0054 us/op
WorkloadActual   5: 8192 op, 658116300.00 ns, 80.3365 us/op
WorkloadActual   6: 8192 op, 671673400.00 ns, 81.9914 us/op

WorkloadResult   1: 8192 op, 670639250.00 ns, 81.8651 us/op
WorkloadResult   2: 8192 op, 679018750.00 ns, 82.8880 us/op
WorkloadResult   3: 8192 op, 655384250.00 ns, 80.0030 us/op
WorkloadResult   4: 8192 op, 658096050.00 ns, 80.3340 us/op
WorkloadResult   5: 8192 op, 671653150.00 ns, 81.9889 us/op
// GC:  41 6 0 670816784 8192
// Threading:  55964 17238 8192


Mean = 81.416 μs, StdErr = 0.541 μs (0.67%), N = 5, StdDev = 1.211 μs
Min = 80.003 μs, Q1 = 80.334 μs, Median = 81.865 μs, Q3 = 81.989 μs, Max = 82.888 μs
IQR = 1.655 μs, LowerFence = 77.852 μs, UpperFence = 84.471 μs
ConfidenceInterval = [76.753 μs; 86.078 μs] (CI 99.9%), Margin = 4.662 μs (5.73% of Mean)
Skewness = -0.07, Kurtosis = 0.95, MValue = 2

// ** Remained 6 (33.3%) benchmark(s) to run. Estimated finish 2026-09-28 16:29 (0h 0m from now) **
Setup power plan (GUID: 8c5e7fda-e8bf-4a96-9a85-a6e23a8c635c FriendlyName: High performance)
// **************************
// Benchmark: AsyncResourceSyncBenchmarks.RenderThread_Old_SyncTileIngestion: Job-HKQCAU(Toolchain=InProcessEmitToolchain, IterationCount=6, LaunchCount=1, WarmupCount=3) [TileCount=50]
// *** Execute ***
// Launch: 1 / 1

// Benchmark Process Environment Information:
// BenchmarkDotNet v0.15.8
// Runtime=.NET 10.0.12 (10.0.12, 10.0.1226.42308), X64 RyuJIT x86-64-v3
// GC=Concurrent Workstation
// HardwareIntrinsics=AVX2+BMI1+BMI2+F16C+FMA+LZCNT+MOVBE,AVX,SSE3+SSSE3+SSE4.1+SSE4.2+POPCNT,X86Base+SSE+SSE2,AES+PCLMUL VectorSize=256
// Job: Job-HKQCAU(Toolchain=InProcessEmitToolchain, IterationCount=6, LaunchCount=1, WarmupCount=3)

OverheadJitting  1: 1 op, 266900.00 ns, 266.9000 us/op
WorkloadJitting  1: 1 op, 253600.00 ns, 253.6000 us/op

OverheadJitting  2: 16 op, 516900.00 ns, 32.3063 us/op
WorkloadJitting  2: 16 op, 1788300.00 ns, 111.7688 us/op

WorkloadPilot    1: 16 op, 1084400.00 ns, 67.7750 us/op
WorkloadPilot    2: 32 op, 1554800.00 ns, 48.5875 us/op
WorkloadPilot    3: 64 op, 4068400.00 ns, 63.5688 us/op
WorkloadPilot    4: 128 op, 8751300.00 ns, 68.3695 us/op
WorkloadPilot    5: 256 op, 17913600.00 ns, 69.9750 us/op
WorkloadPilot    6: 512 op, 36204900.00 ns, 70.7127 us/op
WorkloadPilot    7: 1024 op, 60518600.00 ns, 59.1002 us/op
WorkloadPilot    8: 2048 op, 97921100.00 ns, 47.8130 us/op
WorkloadPilot    9: 4096 op, 224540900.00 ns, 54.8196 us/op
WorkloadPilot   10: 8192 op, 435784900.00 ns, 53.1964 us/op
WorkloadPilot   11: 16384 op, 838349600.00 ns, 51.1688 us/op

OverheadWarmup   1: 16384 op, 30400.00 ns, 1.8555 ns/op
OverheadWarmup   2: 16384 op, 33500.00 ns, 2.0447 ns/op
OverheadWarmup   3: 16384 op, 39800.00 ns, 2.4292 ns/op
OverheadWarmup   4: 16384 op, 33900.00 ns, 2.0691 ns/op
OverheadWarmup   5: 16384 op, 30600.00 ns, 1.8677 ns/op
OverheadWarmup   6: 16384 op, 47000.00 ns, 2.8687 ns/op
OverheadWarmup   7: 16384 op, 38500.00 ns, 2.3499 ns/op

OverheadActual   1: 16384 op, 29400.00 ns, 1.7944 ns/op
OverheadActual   2: 16384 op, 33400.00 ns, 2.0386 ns/op
OverheadActual   3: 16384 op, 41200.00 ns, 2.5146 ns/op
OverheadActual   4: 16384 op, 37500.00 ns, 2.2888 ns/op
OverheadActual   5: 16384 op, 34300.00 ns, 2.0935 ns/op
OverheadActual   6: 16384 op, 33400.00 ns, 2.0386 ns/op
OverheadActual   7: 16384 op, 32000.00 ns, 1.9531 ns/op
OverheadActual   8: 16384 op, 46600.00 ns, 2.8442 ns/op
OverheadActual   9: 16384 op, 24600.00 ns, 1.5015 ns/op
OverheadActual  10: 16384 op, 29700.00 ns, 1.8127 ns/op
OverheadActual  11: 16384 op, 37000.00 ns, 2.2583 ns/op
OverheadActual  12: 16384 op, 24700.00 ns, 1.5076 ns/op
OverheadActual  13: 16384 op, 50700.00 ns, 3.0945 ns/op
OverheadActual  14: 16384 op, 62800.00 ns, 3.8330 ns/op
OverheadActual  15: 16384 op, 33000.00 ns, 2.0142 ns/op
OverheadActual  16: 16384 op, 38400.00 ns, 2.3438 ns/op
OverheadActual  17: 16384 op, 42900.00 ns, 2.6184 ns/op
OverheadActual  18: 16384 op, 31100.00 ns, 1.8982 ns/op
OverheadActual  19: 16384 op, 34400.00 ns, 2.0996 ns/op
OverheadActual  20: 16384 op, 33600.00 ns, 2.0508 ns/op

WorkloadWarmup   1: 16384 op, 877503500.00 ns, 53.5586 us/op
WorkloadWarmup   2: 16384 op, 880275700.00 ns, 53.7278 us/op
WorkloadWarmup   3: 16384 op, 882362500.00 ns, 53.8551 us/op

WorkloadActual   1: 16384 op, 842861300.00 ns, 51.4442 us/op
WorkloadActual   2: 16384 op, 910870800.00 ns, 55.5951 us/op
WorkloadActual   3: 16384 op, 915548700.00 ns, 55.8807 us/op
WorkloadActual   4: 16384 op, 819932100.00 ns, 50.0447 us/op
WorkloadActual   5: 16384 op, 863684200.00 ns, 52.7151 us/op
WorkloadActual   6: 16384 op, 832503200.00 ns, 50.8120 us/op

WorkloadResult   1: 16384 op, 842827350.00 ns, 51.4421 us/op
WorkloadResult   2: 16384 op, 910836850.00 ns, 55.5931 us/op
WorkloadResult   3: 16384 op, 915514750.00 ns, 55.8786 us/op
WorkloadResult   4: 16384 op, 819898150.00 ns, 50.0426 us/op
WorkloadResult   5: 16384 op, 863650250.00 ns, 52.7130 us/op
WorkloadResult   6: 16384 op, 832469250.00 ns, 50.8099 us/op
// GC:  73 0 0 1235619728 16384
// Threading:  0 0 16384


Mean = 52.747 μs, StdErr = 1.011 μs (1.92%), N = 6, StdDev = 2.477 μs
Min = 50.043 μs, Q1 = 50.968 μs, Median = 52.078 μs, Q3 = 54.873 μs, Max = 55.879 μs
IQR = 3.905 μs, LowerFence = 45.110 μs, UpperFence = 60.731 μs
ConfidenceInterval = [45.801 μs; 59.692 μs] (CI 99.9%), Margin = 6.946 μs (13.17% of Mean)
Skewness = 0.27, Kurtosis = 1.03, MValue = 2

// ** Remained 5 (27.8%) benchmark(s) to run. Estimated finish 2026-09-28 16:29 (0h 0m from now) **
Setup power plan (GUID: 8c5e7fda-e8bf-4a96-9a85-a6e23a8c635c FriendlyName: High performance)
// **************************
// Benchmark: AsyncResourceSyncBenchmarks.RenderThread_New_AsyncPreSynced: Job-HKQCAU(Toolchain=InProcessEmitToolchain, IterationCount=6, LaunchCount=1, WarmupCount=3) [TileCount=50]
// *** Execute ***
// Launch: 1 / 1

// Benchmark Process Environment Information:
// BenchmarkDotNet v0.15.8
// Runtime=.NET 10.0.12 (10.0.12, 10.0.1226.42308), X64 RyuJIT x86-64-v3
// GC=Concurrent Workstation
// HardwareIntrinsics=AVX2+BMI1+BMI2+F16C+FMA+LZCNT+MOVBE,AVX,SSE3+SSSE3+SSE4.1+SSE4.2+POPCNT,X86Base+SSE+SSE2,AES+PCLMUL VectorSize=256
// Job: Job-HKQCAU(Toolchain=InProcessEmitToolchain, IterationCount=6, LaunchCount=1, WarmupCount=3)

OverheadJitting  1: 1 op, 217700.00 ns, 217.7000 us/op
WorkloadJitting  1: 1 op, 159800.00 ns, 159.8000 us/op

OverheadJitting  2: 16 op, 400000.00 ns, 25.0000 us/op
WorkloadJitting  2: 16 op, 749400.00 ns, 46.8375 us/op

WorkloadPilot    1: 16 op, 289000.00 ns, 18.0625 us/op
WorkloadPilot    2: 32 op, 372800.00 ns, 11.6500 us/op
WorkloadPilot    3: 64 op, 885200.00 ns, 13.8313 us/op
WorkloadPilot    4: 128 op, 1507100.00 ns, 11.7742 us/op
WorkloadPilot    5: 256 op, 4987100.00 ns, 19.4809 us/op
WorkloadPilot    6: 512 op, 9159300.00 ns, 17.8893 us/op
WorkloadPilot    7: 1024 op, 19090100.00 ns, 18.6427 us/op
WorkloadPilot    8: 2048 op, 32962000.00 ns, 16.0947 us/op
WorkloadPilot    9: 4096 op, 66959000.00 ns, 16.3474 us/op
WorkloadPilot   10: 8192 op, 110866200.00 ns, 13.5335 us/op
WorkloadPilot   11: 16384 op, 234566200.00 ns, 14.3168 us/op
WorkloadPilot   12: 32768 op, 489768500.00 ns, 14.9465 us/op
WorkloadPilot   13: 65536 op, 941168900.00 ns, 14.3611 us/op

OverheadWarmup   1: 65536 op, 121500.00 ns, 1.8539 ns/op
OverheadWarmup   2: 65536 op, 121200.00 ns, 1.8494 ns/op
OverheadWarmup   3: 65536 op, 119200.00 ns, 1.8188 ns/op
OverheadWarmup   4: 65536 op, 126900.00 ns, 1.9363 ns/op
OverheadWarmup   5: 65536 op, 124200.00 ns, 1.8951 ns/op
OverheadWarmup   6: 65536 op, 97900.00 ns, 1.4938 ns/op
OverheadWarmup   7: 65536 op, 126100.00 ns, 1.9241 ns/op
OverheadWarmup   8: 65536 op, 143000.00 ns, 2.1820 ns/op
OverheadWarmup   9: 65536 op, 101700.00 ns, 1.5518 ns/op

OverheadActual   1: 65536 op, 152500.00 ns, 2.3270 ns/op
OverheadActual   2: 65536 op, 130600.00 ns, 1.9928 ns/op
OverheadActual   3: 65536 op, 105600.00 ns, 1.6113 ns/op
OverheadActual   4: 65536 op, 136900.00 ns, 2.0889 ns/op
OverheadActual   5: 65536 op, 99400.00 ns, 1.5167 ns/op
OverheadActual   6: 65536 op, 117900.00 ns, 1.7990 ns/op
OverheadActual   7: 65536 op, 136000.00 ns, 2.0752 ns/op
OverheadActual   8: 65536 op, 150600.00 ns, 2.2980 ns/op
OverheadActual   9: 65536 op, 118700.00 ns, 1.8112 ns/op
OverheadActual  10: 65536 op, 133500.00 ns, 2.0370 ns/op
OverheadActual  11: 65536 op, 98500.00 ns, 1.5030 ns/op
OverheadActual  12: 65536 op, 147600.00 ns, 2.2522 ns/op
OverheadActual  13: 65536 op, 102900.00 ns, 1.5701 ns/op
OverheadActual  14: 65536 op, 148200.00 ns, 2.2614 ns/op
OverheadActual  15: 65536 op, 147100.00 ns, 2.2446 ns/op
OverheadActual  16: 65536 op, 135200.00 ns, 2.0630 ns/op
OverheadActual  17: 65536 op, 124400.00 ns, 1.8982 ns/op
OverheadActual  18: 65536 op, 107600.00 ns, 1.6418 ns/op
OverheadActual  19: 65536 op, 159600.00 ns, 2.4353 ns/op
OverheadActual  20: 65536 op, 144200.00 ns, 2.2003 ns/op

WorkloadWarmup   1: 65536 op, 914967500.00 ns, 13.9613 us/op
WorkloadWarmup   2: 65536 op, 936050200.00 ns, 14.2830 us/op
WorkloadWarmup   3: 65536 op, 1039014000.00 ns, 15.8541 us/op

WorkloadActual   1: 65536 op, 950014400.00 ns, 14.4961 us/op
WorkloadActual   2: 65536 op, 948243100.00 ns, 14.4690 us/op
WorkloadActual   3: 65536 op, 950556200.00 ns, 14.5043 us/op
WorkloadActual   4: 65536 op, 936502000.00 ns, 14.2899 us/op
WorkloadActual   5: 65536 op, 907986400.00 ns, 13.8548 us/op
WorkloadActual   6: 65536 op, 867377900.00 ns, 13.2351 us/op

WorkloadResult   1: 65536 op, 949880050.00 ns, 14.4940 us/op
WorkloadResult   2: 65536 op, 948108750.00 ns, 14.4670 us/op
WorkloadResult   3: 65536 op, 950421850.00 ns, 14.5023 us/op
WorkloadResult   4: 65536 op, 936367650.00 ns, 14.2878 us/op
WorkloadResult   5: 65536 op, 907852050.00 ns, 13.8527 us/op
WorkloadResult   6: 65536 op, 867243550.00 ns, 13.2331 us/op
// GC:  0 0 0 3696 65536
// Threading:  0 0 65536


Mean = 14.139 μs, StdErr = 0.207 μs (1.47%), N = 6, StdDev = 0.508 μs
Min = 13.233 μs, Q1 = 13.962 μs, Median = 14.377 μs, Q3 = 14.487 μs, Max = 14.502 μs
IQR = 0.526 μs, LowerFence = 13.173 μs, UpperFence = 15.276 μs
ConfidenceInterval = [12.715 μs; 15.564 μs] (CI 99.9%), Margin = 1.425 μs (10.08% of Mean)
Skewness = -0.81, Kurtosis = 1.82, MValue = 2

// ** Remained 4 (22.2%) benchmark(s) to run. Estimated finish 2026-09-28 16:29 (0h 0m from now) **
Setup power plan (GUID: 8c5e7fda-e8bf-4a96-9a85-a6e23a8c635c FriendlyName: High performance)
// **************************
// Benchmark: AsyncResourceSyncBenchmarks.DrawBatch_Sequential_Ingestion: Job-HKQCAU(Toolchain=InProcessEmitToolchain, IterationCount=6, LaunchCount=1, WarmupCount=3) [TileCount=50]
// *** Execute ***
// Launch: 1 / 1

// Benchmark Process Environment Information:
// BenchmarkDotNet v0.15.8
// Runtime=.NET 10.0.12 (10.0.12, 10.0.1226.42308), X64 RyuJIT x86-64-v3
// GC=Concurrent Workstation
// HardwareIntrinsics=AVX2+BMI1+BMI2+F16C+FMA+LZCNT+MOVBE,AVX,SSE3+SSSE3+SSE4.1+SSE4.2+POPCNT,X86Base+SSE+SSE2,AES+PCLMUL VectorSize=256
// Job: Job-HKQCAU(Toolchain=InProcessEmitToolchain, IterationCount=6, LaunchCount=1, WarmupCount=3)

OverheadJitting  1: 1 op, 222100.00 ns, 222.1000 us/op
WorkloadJitting  1: 1 op, 234700.00 ns, 234.7000 us/op

OverheadJitting  2: 16 op, 425000.00 ns, 26.5625 us/op
WorkloadJitting  2: 16 op, 1301000.00 ns, 81.3125 us/op

WorkloadPilot    1: 16 op, 1283500.00 ns, 80.2188 us/op
WorkloadPilot    2: 32 op, 2314200.00 ns, 72.3188 us/op
WorkloadPilot    3: 64 op, 3807300.00 ns, 59.4891 us/op
WorkloadPilot    4: 128 op, 10322300.00 ns, 80.6430 us/op
WorkloadPilot    5: 256 op, 16446400.00 ns, 64.2438 us/op
WorkloadPilot    6: 512 op, 28131700.00 ns, 54.9447 us/op
WorkloadPilot    7: 1024 op, 59894400.00 ns, 58.4906 us/op
WorkloadPilot    8: 2048 op, 102327700.00 ns, 49.9647 us/op
WorkloadPilot    9: 4096 op, 183066900.00 ns, 44.6941 us/op
WorkloadPilot   10: 8192 op, 380197700.00 ns, 46.4109 us/op
WorkloadPilot   11: 16384 op, 778554600.00 ns, 47.5192 us/op

OverheadWarmup   1: 16384 op, 34700.00 ns, 2.1179 ns/op
OverheadWarmup   2: 16384 op, 31100.00 ns, 1.8982 ns/op
OverheadWarmup   3: 16384 op, 30000.00 ns, 1.8311 ns/op
OverheadWarmup   4: 16384 op, 33100.00 ns, 2.0203 ns/op
OverheadWarmup   5: 16384 op, 37300.00 ns, 2.2766 ns/op
OverheadWarmup   6: 16384 op, 24500.00 ns, 1.4954 ns/op
OverheadWarmup   7: 16384 op, 49200.00 ns, 3.0029 ns/op
OverheadWarmup   8: 16384 op, 45300.00 ns, 2.7649 ns/op

OverheadActual   1: 16384 op, 35300.00 ns, 2.1545 ns/op
OverheadActual   2: 16384 op, 47400.00 ns, 2.8931 ns/op
OverheadActual   3: 16384 op, 35800.00 ns, 2.1851 ns/op
OverheadActual   4: 16384 op, 36100.00 ns, 2.2034 ns/op
OverheadActual   5: 16384 op, 30600.00 ns, 1.8677 ns/op
OverheadActual   6: 16384 op, 32700.00 ns, 1.9958 ns/op
OverheadActual   7: 16384 op, 32800.00 ns, 2.0020 ns/op
OverheadActual   8: 16384 op, 46100.00 ns, 2.8137 ns/op
OverheadActual   9: 16384 op, 47600.00 ns, 2.9053 ns/op
OverheadActual  10: 16384 op, 36500.00 ns, 2.2278 ns/op
OverheadActual  11: 16384 op, 33900.00 ns, 2.0691 ns/op
OverheadActual  12: 16384 op, 40100.00 ns, 2.4475 ns/op
OverheadActual  13: 16384 op, 47800.00 ns, 2.9175 ns/op
OverheadActual  14: 16384 op, 34400.00 ns, 2.0996 ns/op
OverheadActual  15: 16384 op, 37300.00 ns, 2.2766 ns/op
OverheadActual  16: 16384 op, 34200.00 ns, 2.0874 ns/op
OverheadActual  17: 16384 op, 33300.00 ns, 2.0325 ns/op
OverheadActual  18: 16384 op, 24800.00 ns, 1.5137 ns/op
OverheadActual  19: 16384 op, 33100.00 ns, 2.0203 ns/op
OverheadActual  20: 16384 op, 40200.00 ns, 2.4536 ns/op

WorkloadWarmup   1: 16384 op, 752015300.00 ns, 45.8994 us/op
WorkloadWarmup   2: 16384 op, 903062700.00 ns, 55.1186 us/op
WorkloadWarmup   3: 16384 op, 833073300.00 ns, 50.8468 us/op

WorkloadActual   1: 16384 op, 734989300.00 ns, 44.8602 us/op
WorkloadActual   2: 16384 op, 795484200.00 ns, 48.5525 us/op
WorkloadActual   3: 16384 op, 780512600.00 ns, 47.6387 us/op
WorkloadActual   4: 16384 op, 772507600.00 ns, 47.1501 us/op
WorkloadActual   5: 16384 op, 797796700.00 ns, 48.6936 us/op
WorkloadActual   6: 16384 op, 781054100.00 ns, 47.6718 us/op

WorkloadResult   1: 16384 op, 734953750.00 ns, 44.8580 us/op
WorkloadResult   2: 16384 op, 795448650.00 ns, 48.5503 us/op
WorkloadResult   3: 16384 op, 780477050.00 ns, 47.6365 us/op
WorkloadResult   4: 16384 op, 772472050.00 ns, 47.1480 us/op
WorkloadResult   5: 16384 op, 797761150.00 ns, 48.6915 us/op
WorkloadResult   6: 16384 op, 781018550.00 ns, 47.6696 us/op
// GC:  73 0 0 1235619728 16384
// Threading:  0 0 16384


Mean = 47.426 μs, StdErr = 0.567 μs (1.20%), N = 6, StdDev = 1.389 μs
Min = 44.858 μs, Q1 = 47.270 μs, Median = 47.653 μs, Q3 = 48.330 μs, Max = 48.691 μs
IQR = 1.060 μs, LowerFence = 45.680 μs, UpperFence = 49.920 μs
ConfidenceInterval = [43.532 μs; 51.320 μs] (CI 99.9%), Margin = 3.894 μs (8.21% of Mean)
Skewness = -0.84, Kurtosis = 2.14, MValue = 2

// ** Remained 3 (16.7%) benchmark(s) to run. Estimated finish 2026-09-28 16:29 (0h 0m from now) **
Setup power plan (GUID: 8c5e7fda-e8bf-4a96-9a85-a6e23a8c635c FriendlyName: High performance)
// **************************
// Benchmark: AsyncResourceSyncBenchmarks.DrawBatch_Parallel_LockContention: Job-HKQCAU(Toolchain=InProcessEmitToolchain, IterationCount=6, LaunchCount=1, WarmupCount=3) [TileCount=50]
// *** Execute ***
// Launch: 1 / 1

// Benchmark Process Environment Information:
// BenchmarkDotNet v0.15.8
// Runtime=.NET 10.0.12 (10.0.12, 10.0.1226.42308), X64 RyuJIT x86-64-v3
// GC=Concurrent Workstation
// HardwareIntrinsics=AVX2+BMI1+BMI2+F16C+FMA+LZCNT+MOVBE,AVX,SSE3+SSSE3+SSE4.1+SSE4.2+POPCNT,X86Base+SSE+SSE2,AES+PCLMUL VectorSize=256
// Job: Job-HKQCAU(Toolchain=InProcessEmitToolchain, IterationCount=6, LaunchCount=1, WarmupCount=3)

OverheadJitting  1: 1 op, 297800.00 ns, 297.8000 us/op
WorkloadJitting  1: 1 op, 762100.00 ns, 762.1000 us/op

OverheadJitting  2: 16 op, 654700.00 ns, 40.9188 us/op
WorkloadJitting  2: 16 op, 5714600.00 ns, 357.1625 us/op

WorkloadPilot    1: 16 op, 6205700.00 ns, 387.8563 us/op
WorkloadPilot    2: 32 op, 14619800.00 ns, 456.8688 us/op
WorkloadPilot    3: 64 op, 29834800.00 ns, 466.1688 us/op
WorkloadPilot    4: 128 op, 55419300.00 ns, 432.9633 us/op
WorkloadPilot    5: 256 op, 100774300.00 ns, 393.6496 us/op
WorkloadPilot    6: 512 op, 168542200.00 ns, 329.1840 us/op
WorkloadPilot    7: 1024 op, 267869100.00 ns, 261.5909 us/op
WorkloadPilot    8: 2048 op, 651018800.00 ns, 317.8803 us/op

OverheadWarmup   1: 2048 op, 7400.00 ns, 3.6133 ns/op
OverheadWarmup   2: 2048 op, 4700.00 ns, 2.2949 ns/op
OverheadWarmup   3: 2048 op, 4700.00 ns, 2.2949 ns/op
OverheadWarmup   4: 2048 op, 4500.00 ns, 2.1973 ns/op
OverheadWarmup   5: 2048 op, 5400.00 ns, 2.6367 ns/op
OverheadWarmup   6: 2048 op, 5200.00 ns, 2.5391 ns/op

OverheadActual   1: 2048 op, 4500.00 ns, 2.1973 ns/op
OverheadActual   2: 2048 op, 5000.00 ns, 2.4414 ns/op
OverheadActual   3: 2048 op, 4600.00 ns, 2.2461 ns/op
OverheadActual   4: 2048 op, 3400.00 ns, 1.6602 ns/op
OverheadActual   5: 2048 op, 4700.00 ns, 2.2949 ns/op
OverheadActual   6: 2048 op, 10900.00 ns, 5.3223 ns/op
OverheadActual   7: 2048 op, 4700.00 ns, 2.2949 ns/op
OverheadActual   8: 2048 op, 5300.00 ns, 2.5879 ns/op
OverheadActual   9: 2048 op, 4800.00 ns, 2.3438 ns/op
OverheadActual  10: 2048 op, 5300.00 ns, 2.5879 ns/op
OverheadActual  11: 2048 op, 4800.00 ns, 2.3438 ns/op
OverheadActual  12: 2048 op, 5000.00 ns, 2.4414 ns/op
OverheadActual  13: 2048 op, 5400.00 ns, 2.6367 ns/op
OverheadActual  14: 2048 op, 4200.00 ns, 2.0508 ns/op
OverheadActual  15: 2048 op, 4900.00 ns, 2.3926 ns/op
OverheadActual  16: 2048 op, 3600.00 ns, 1.7578 ns/op
OverheadActual  17: 2048 op, 4600.00 ns, 2.2461 ns/op
OverheadActual  18: 2048 op, 5000.00 ns, 2.4414 ns/op
OverheadActual  19: 2048 op, 3600.00 ns, 1.7578 ns/op
OverheadActual  20: 2048 op, 4900.00 ns, 2.3926 ns/op

WorkloadWarmup   1: 2048 op, 698777200.00 ns, 341.1998 us/op
WorkloadWarmup   2: 2048 op, 575179600.00 ns, 280.8494 us/op
WorkloadWarmup   3: 2048 op, 561346700.00 ns, 274.0951 us/op

WorkloadActual   1: 2048 op, 660173200.00 ns, 322.3502 us/op
WorkloadActual   2: 2048 op, 607389200.00 ns, 296.5768 us/op
WorkloadActual   3: 2048 op, 549893500.00 ns, 268.5027 us/op
WorkloadActual   4: 2048 op, 661345900.00 ns, 322.9228 us/op
WorkloadActual   5: 2048 op, 627185500.00 ns, 306.2429 us/op
WorkloadActual   6: 2048 op, 553618200.00 ns, 270.3214 us/op

WorkloadResult   1: 2048 op, 660168400.00 ns, 322.3479 us/op
WorkloadResult   2: 2048 op, 607384400.00 ns, 296.5744 us/op
WorkloadResult   3: 2048 op, 549888700.00 ns, 268.5003 us/op
WorkloadResult   4: 2048 op, 661341100.00 ns, 322.9205 us/op
WorkloadResult   5: 2048 op, 627180700.00 ns, 306.2406 us/op
WorkloadResult   6: 2048 op, 553613400.00 ns, 270.3190 us/op
// GC:  10 1 0 166439432 2048
// Threading:  37890 25442 2048


Mean = 297.817 μs, StdErr = 9.866 μs (3.31%), N = 6, StdDev = 24.166 μs
Min = 268.500 μs, Q1 = 276.883 μs, Median = 301.407 μs, Q3 = 318.321 μs, Max = 322.920 μs
IQR = 41.438 μs, LowerFence = 214.726 μs, UpperFence = 380.478 μs
ConfidenceInterval = [230.050 μs; 365.584 μs] (CI 99.9%), Margin = 67.767 μs (22.75% of Mean)
Skewness = -0.17, Kurtosis = 1.01, MValue = 2

// ** Remained 2 (11.1%) benchmark(s) to run. Estimated finish 2026-09-28 16:29 (0h 0m from now) **
Setup power plan (GUID: 8c5e7fda-e8bf-4a96-9a85-a6e23a8c635c FriendlyName: High performance)
// **************************
// Benchmark: AsyncResourceSyncBenchmarks.Pipeline_Old_WorkerGen_RenderSync: Job-HKQCAU(Toolchain=InProcessEmitToolchain, IterationCount=6, LaunchCount=1, WarmupCount=3) [TileCount=50]
// *** Execute ***
// Launch: 1 / 1

// Benchmark Process Environment Information:
// BenchmarkDotNet v0.15.8
// Runtime=.NET 10.0.12 (10.0.12, 10.0.1226.42308), X64 RyuJIT x86-64-v3
// GC=Concurrent Workstation
// HardwareIntrinsics=AVX2+BMI1+BMI2+F16C+FMA+LZCNT+MOVBE,AVX,SSE3+SSSE3+SSE4.1+SSE4.2+POPCNT,X86Base+SSE+SSE2,AES+PCLMUL VectorSize=256
// Job: Job-HKQCAU(Toolchain=InProcessEmitToolchain, IterationCount=6, LaunchCount=1, WarmupCount=3)

OverheadJitting  1: 1 op, 366000.00 ns, 366.0000 us/op
WorkloadJitting  1: 1 op, 302400.00 ns, 302.4000 us/op

OverheadJitting  2: 16 op, 473300.00 ns, 29.5813 us/op
WorkloadJitting  2: 16 op, 1556300.00 ns, 97.2688 us/op

WorkloadPilot    1: 16 op, 1245000.00 ns, 77.8125 us/op
WorkloadPilot    2: 32 op, 3060900.00 ns, 95.6531 us/op
WorkloadPilot    3: 64 op, 5604500.00 ns, 87.5703 us/op
WorkloadPilot    4: 128 op, 10062800.00 ns, 78.6156 us/op
WorkloadPilot    5: 256 op, 22973000.00 ns, 89.7383 us/op
WorkloadPilot    6: 512 op, 42028500.00 ns, 82.0869 us/op
WorkloadPilot    7: 1024 op, 87303300.00 ns, 85.2571 us/op
WorkloadPilot    8: 2048 op, 145650000.00 ns, 71.1182 us/op
WorkloadPilot    9: 4096 op, 283202600.00 ns, 69.1413 us/op
WorkloadPilot   10: 8192 op, 529061800.00 ns, 64.5827 us/op

OverheadWarmup   1: 8192 op, 19200.00 ns, 2.3438 ns/op
OverheadWarmup   2: 8192 op, 58500.00 ns, 7.1411 ns/op
OverheadWarmup   3: 8192 op, 19300.00 ns, 2.3560 ns/op
OverheadWarmup   4: 8192 op, 18900.00 ns, 2.3071 ns/op
OverheadWarmup   5: 8192 op, 12500.00 ns, 1.5259 ns/op
OverheadWarmup   6: 8192 op, 29000.00 ns, 3.5400 ns/op
OverheadWarmup   7: 8192 op, 16300.00 ns, 1.9897 ns/op

OverheadActual   1: 8192 op, 17400.00 ns, 2.1240 ns/op
OverheadActual   2: 8192 op, 12700.00 ns, 1.5503 ns/op
OverheadActual   3: 8192 op, 22700.00 ns, 2.7710 ns/op
OverheadActual   4: 8192 op, 12600.00 ns, 1.5381 ns/op
OverheadActual   5: 8192 op, 16700.00 ns, 2.0386 ns/op
OverheadActual   6: 8192 op, 15900.00 ns, 1.9409 ns/op
OverheadActual   7: 8192 op, 15300.00 ns, 1.8677 ns/op
OverheadActual   8: 8192 op, 13100.00 ns, 1.5991 ns/op
OverheadActual   9: 8192 op, 15500.00 ns, 1.8921 ns/op
OverheadActual  10: 8192 op, 21400.00 ns, 2.6123 ns/op
OverheadActual  11: 8192 op, 16200.00 ns, 1.9775 ns/op
OverheadActual  12: 8192 op, 16900.00 ns, 2.0630 ns/op
OverheadActual  13: 8192 op, 17100.00 ns, 2.0874 ns/op
OverheadActual  14: 8192 op, 12500.00 ns, 1.5259 ns/op
OverheadActual  15: 8192 op, 18600.00 ns, 2.2705 ns/op
OverheadActual  16: 8192 op, 19400.00 ns, 2.3682 ns/op
OverheadActual  17: 8192 op, 23800.00 ns, 2.9053 ns/op
OverheadActual  18: 8192 op, 16900.00 ns, 2.0630 ns/op
OverheadActual  19: 8192 op, 14700.00 ns, 1.7944 ns/op
OverheadActual  20: 8192 op, 17500.00 ns, 2.1362 ns/op

WorkloadWarmup   1: 8192 op, 542032100.00 ns, 66.1660 us/op
WorkloadWarmup   2: 8192 op, 565865300.00 ns, 69.0754 us/op
WorkloadWarmup   3: 8192 op, 531248300.00 ns, 64.8496 us/op

WorkloadActual   1: 8192 op, 559709600.00 ns, 68.3239 us/op
WorkloadActual   2: 8192 op, 676353700.00 ns, 82.5627 us/op
WorkloadActual   3: 8192 op, 631155800.00 ns, 77.0454 us/op
WorkloadActual   4: 8192 op, 613778000.00 ns, 74.9241 us/op
WorkloadActual   5: 8192 op, 522457600.00 ns, 63.7766 us/op
WorkloadActual   6: 8192 op, 608770700.00 ns, 74.3128 us/op

WorkloadResult   1: 8192 op, 559692800.00 ns, 68.3219 us/op
WorkloadResult   2: 8192 op, 676336900.00 ns, 82.5607 us/op
WorkloadResult   3: 8192 op, 631139000.00 ns, 77.0433 us/op
WorkloadResult   4: 8192 op, 613761200.00 ns, 74.9220 us/op
WorkloadResult   5: 8192 op, 522440800.00 ns, 63.7745 us/op
WorkloadResult   6: 8192 op, 608753900.00 ns, 74.3108 us/op
// GC:  91 22 0 1538788976 8192
// Threading:  0 0 8192


Mean = 73.489 μs, StdErr = 2.700 μs (3.67%), N = 6, StdDev = 6.614 μs
Min = 63.775 μs, Q1 = 69.819 μs, Median = 74.616 μs, Q3 = 76.513 μs, Max = 82.561 μs
IQR = 6.694 μs, LowerFence = 59.778 μs, UpperFence = 86.554 μs
ConfidenceInterval = [54.942 μs; 92.036 μs] (CI 99.9%), Margin = 18.547 μs (25.24% of Mean)
Skewness = -0.15, Kurtosis = 1.44, MValue = 2

// ** Remained 1 (5.6%) benchmark(s) to run. Estimated finish 2026-09-28 16:29 (0h 0m from now) **
Setup power plan (GUID: 8c5e7fda-e8bf-4a96-9a85-a6e23a8c635c FriendlyName: High performance)
// **************************
// Benchmark: AsyncResourceSyncBenchmarks.Pipeline_New_AsyncGenAndSync: Job-HKQCAU(Toolchain=InProcessEmitToolchain, IterationCount=6, LaunchCount=1, WarmupCount=3) [TileCount=50]
// *** Execute ***
// Launch: 1 / 1

// Benchmark Process Environment Information:
// BenchmarkDotNet v0.15.8
// Runtime=.NET 10.0.12 (10.0.12, 10.0.1226.42308), X64 RyuJIT x86-64-v3
// GC=Concurrent Workstation
// HardwareIntrinsics=AVX2+BMI1+BMI2+F16C+FMA+LZCNT+MOVBE,AVX,SSE3+SSSE3+SSE4.1+SSE4.2+POPCNT,X86Base+SSE+SSE2,AES+PCLMUL VectorSize=256
// Job: Job-HKQCAU(Toolchain=InProcessEmitToolchain, IterationCount=6, LaunchCount=1, WarmupCount=3)

OverheadJitting  1: 1 op, 222300.00 ns, 222.3000 us/op
WorkloadJitting  1: 1 op, 337200.00 ns, 337.2000 us/op

OverheadJitting  2: 16 op, 557400.00 ns, 34.8375 us/op
WorkloadJitting  2: 16 op, 3933900.00 ns, 245.8688 us/op

WorkloadPilot    1: 16 op, 3807400.00 ns, 237.9625 us/op
WorkloadPilot    2: 32 op, 7684500.00 ns, 240.1406 us/op
WorkloadPilot    3: 64 op, 14497400.00 ns, 226.5219 us/op
WorkloadPilot    4: 128 op, 29744300.00 ns, 232.3773 us/op
WorkloadPilot    5: 256 op, 80971500.00 ns, 316.2949 us/op
WorkloadPilot    6: 512 op, 126125800.00 ns, 246.3395 us/op
WorkloadPilot    7: 1024 op, 188963400.00 ns, 184.5346 us/op
WorkloadPilot    8: 2048 op, 395242100.00 ns, 192.9893 us/op
WorkloadPilot    9: 4096 op, 849960400.00 ns, 207.5099 us/op

OverheadWarmup   1: 4096 op, 15000.00 ns, 3.6621 ns/op
OverheadWarmup   2: 4096 op, 9400.00 ns, 2.2949 ns/op
OverheadWarmup   3: 4096 op, 9700.00 ns, 2.3682 ns/op
OverheadWarmup   4: 4096 op, 9500.00 ns, 2.3193 ns/op
OverheadWarmup   5: 4096 op, 8000.00 ns, 1.9531 ns/op
OverheadWarmup   6: 4096 op, 8400.00 ns, 2.0508 ns/op
OverheadWarmup   7: 4096 op, 7000.00 ns, 1.7090 ns/op

OverheadActual   1: 4096 op, 10100.00 ns, 2.4658 ns/op
OverheadActual   2: 4096 op, 9400.00 ns, 2.2949 ns/op
OverheadActual   3: 4096 op, 10200.00 ns, 2.4902 ns/op
OverheadActual   4: 4096 op, 7600.00 ns, 1.8555 ns/op
OverheadActual   5: 4096 op, 9500.00 ns, 2.3193 ns/op
OverheadActual   6: 4096 op, 9900.00 ns, 2.4170 ns/op
OverheadActual   7: 4096 op, 6800.00 ns, 1.6602 ns/op
OverheadActual   8: 4096 op, 9600.00 ns, 2.3438 ns/op
OverheadActual   9: 4096 op, 9000.00 ns, 2.1973 ns/op
OverheadActual  10: 4096 op, 8900.00 ns, 2.1729 ns/op
OverheadActual  11: 4096 op, 8300.00 ns, 2.0264 ns/op
OverheadActual  12: 4096 op, 8600.00 ns, 2.0996 ns/op
OverheadActual  13: 4096 op, 9400.00 ns, 2.2949 ns/op
OverheadActual  14: 4096 op, 8800.00 ns, 2.1484 ns/op
OverheadActual  15: 4096 op, 8800.00 ns, 2.1484 ns/op
OverheadActual  16: 4096 op, 7500.00 ns, 1.8311 ns/op
OverheadActual  17: 4096 op, 8700.00 ns, 2.1240 ns/op
OverheadActual  18: 4096 op, 6400.00 ns, 1.5625 ns/op
OverheadActual  19: 4096 op, 9600.00 ns, 2.3438 ns/op
OverheadActual  20: 4096 op, 9400.00 ns, 2.2949 ns/op

WorkloadWarmup   1: 4096 op, 795715600.00 ns, 194.2665 us/op
WorkloadWarmup   2: 4096 op, 894144600.00 ns, 218.2970 us/op
WorkloadWarmup   3: 4096 op, 845616700.00 ns, 206.4494 us/op

WorkloadActual   1: 4096 op, 781470400.00 ns, 190.7887 us/op
WorkloadActual   2: 4096 op, 758605500.00 ns, 185.2064 us/op
WorkloadActual   3: 4096 op, 760987300.00 ns, 185.7879 us/op
WorkloadActual   4: 4096 op, 825358100.00 ns, 201.5034 us/op
WorkloadActual   5: 4096 op, 756399600.00 ns, 184.6679 us/op
WorkloadActual   6: 4096 op, 798403400.00 ns, 194.9227 us/op

WorkloadResult   1: 4096 op, 781461450.00 ns, 190.7865 us/op
WorkloadResult   2: 4096 op, 758596550.00 ns, 185.2042 us/op
WorkloadResult   3: 4096 op, 760978350.00 ns, 185.7857 us/op
WorkloadResult   4: 4096 op, 825349150.00 ns, 201.5013 us/op
WorkloadResult   5: 4096 op, 756390650.00 ns, 184.6657 us/op
WorkloadResult   6: 4096 op, 798394450.00 ns, 194.9205 us/op
// GC:  42 10 0 695766480 4096
// Threading:  51407 27746 4096


Mean = 190.477 μs, StdErr = 2.738 μs (1.44%), N = 6, StdDev = 6.708 μs
Min = 184.666 μs, Q1 = 185.350 μs, Median = 188.286 μs, Q3 = 193.887 μs, Max = 201.501 μs
IQR = 8.537 μs, LowerFence = 172.544 μs, UpperFence = 206.693 μs
ConfidenceInterval = [171.668 μs; 209.287 μs] (CI 99.9%), Margin = 18.809 μs (9.87% of Mean)
Skewness = 0.54, Kurtosis = 1.45, MValue = 2

// ** Remained 0 (0.0%) benchmark(s) to run. Estimated finish 2026-09-28 16:29 (0h 0m from now) **
Successfully reverted power plan (GUID: 8c5e7fda-e8bf-4a96-9a85-a6e23a8c635c FriendlyName: High performance)
// ***** BenchmarkRunner: Finish  *****

// * Export *
  BenchmarkDotNet.Artifacts\results\VikingEngine.Benchmarks.Graphics.AsyncResourceSyncBenchmarks-report.csv
  BenchmarkDotNet.Artifacts\results\VikingEngine.Benchmarks.Graphics.AsyncResourceSyncBenchmarks-report-github.md
  BenchmarkDotNet.Artifacts\results\VikingEngine.Benchmarks.Graphics.AsyncResourceSyncBenchmarks-report.html

// * Detailed results *
AsyncResourceSyncBenchmarks.RenderThread_Old_SyncTileIngestion: Job-HKQCAU(Toolchain=InProcessEmitToolchain, IterationCount=6, LaunchCount=1, WarmupCount=3) [TileCount=5]
Runtime = ; GC = 
Mean = 6.503 μs, StdErr = 0.245 μs (3.76%), N = 6, StdDev = 0.599 μs
Min = 6.000 μs, Q1 = 6.163 μs, Median = 6.205 μs, Q3 = 6.735 μs, Max = 7.544 μs
IQR = 0.572 μs, LowerFence = 5.305 μs, UpperFence = 7.593 μs
ConfidenceInterval = [4.823 μs; 8.182 μs] (CI 99.9%), Margin = 1.680 μs (25.83% of Mean)
Skewness = 0.75, Kurtosis = 1.68, MValue = 2
-------------------- Histogram --------------------
[5.684 μs ; 6.549 μs) | @@@@
[6.549 μs ; 7.656 μs) | @@
---------------------------------------------------

AsyncResourceSyncBenchmarks.RenderThread_New_AsyncPreSynced: Job-HKQCAU(Toolchain=InProcessEmitToolchain, IterationCount=6, LaunchCount=1, WarmupCount=3) [TileCount=5]
Runtime = ; GC = 
Mean = 1.519 μs, StdErr = 0.014 μs (0.93%), N = 6, StdDev = 0.035 μs
Min = 1.481 μs, Q1 = 1.490 μs, Median = 1.518 μs, Q3 = 1.540 μs, Max = 1.569 μs
IQR = 0.050 μs, LowerFence = 1.416 μs, UpperFence = 1.614 μs
ConfidenceInterval = [1.422 μs; 1.616 μs] (CI 99.9%), Margin = 0.097 μs (6.40% of Mean)
Skewness = 0.17, Kurtosis = 1.21, MValue = 2
-------------------- Histogram --------------------
[1.479 μs ; 1.529 μs) | @@@@
[1.529 μs ; 1.582 μs) | @@
---------------------------------------------------

AsyncResourceSyncBenchmarks.DrawBatch_Sequential_Ingestion: Job-HKQCAU(Toolchain=InProcessEmitToolchain, IterationCount=6, LaunchCount=1, WarmupCount=3) [TileCount=5]
Runtime = ; GC = 
Mean = 5.873 μs, StdErr = 0.024 μs (0.40%), N = 5, StdDev = 0.053 μs
Min = 5.792 μs, Q1 = 5.868 μs, Median = 5.870 μs, Q3 = 5.903 μs, Max = 5.933 μs
IQR = 0.035 μs, LowerFence = 5.815 μs, UpperFence = 5.956 μs
ConfidenceInterval = [5.670 μs; 6.076 μs] (CI 99.9%), Margin = 0.203 μs (3.46% of Mean)
Skewness = -0.41, Kurtosis = 1.49, MValue = 2
-------------------- Histogram --------------------
[5.751 μs ; 5.959 μs) | @@@@@
---------------------------------------------------

AsyncResourceSyncBenchmarks.DrawBatch_Parallel_LockContention: Job-HKQCAU(Toolchain=InProcessEmitToolchain, IterationCount=6, LaunchCount=1, WarmupCount=3) [TileCount=5]
Runtime = ; GC = 
Mean = 36.952 μs, StdErr = 0.717 μs (1.94%), N = 6, StdDev = 1.757 μs
Min = 34.744 μs, Q1 = 35.930 μs, Median = 36.664 μs, Q3 = 37.892 μs, Max = 39.649 μs
IQR = 1.962 μs, LowerFence = 32.988 μs, UpperFence = 40.835 μs
ConfidenceInterval = [32.023 μs; 41.880 μs] (CI 99.9%), Margin = 4.928 μs (13.34% of Mean)
Skewness = 0.27, Kurtosis = 1.41, MValue = 2
-------------------- Histogram --------------------
[33.475 μs ; 35.724 μs) | @
[35.724 μs ; 38.263 μs) | @@@@
[38.263 μs ; 40.919 μs) | @
---------------------------------------------------

AsyncResourceSyncBenchmarks.Pipeline_Old_WorkerGen_RenderSync: Job-HKQCAU(Toolchain=InProcessEmitToolchain, IterationCount=6, LaunchCount=1, WarmupCount=3) [TileCount=5]
Runtime = ; GC = 
Mean = 7.801 μs, StdErr = 0.117 μs (1.50%), N = 5, StdDev = 0.262 μs
Min = 7.501 μs, Q1 = 7.637 μs, Median = 7.714 μs, Q3 = 8.070 μs, Max = 8.080 μs
IQR = 0.433 μs, LowerFence = 6.988 μs, UpperFence = 8.719 μs
ConfidenceInterval = [6.792 μs; 8.809 μs] (CI 99.9%), Margin = 1.009 μs (12.93% of Mean)
Skewness = 0.11, Kurtosis = 0.86, MValue = 2
-------------------- Histogram --------------------
[7.407 μs ; 7.809 μs) | @@@
[7.809 μs ; 8.281 μs) | @@
---------------------------------------------------

AsyncResourceSyncBenchmarks.Pipeline_New_AsyncGenAndSync: Job-HKQCAU(Toolchain=InProcessEmitToolchain, IterationCount=6, LaunchCount=1, WarmupCount=3) [TileCount=5]
Runtime = ; GC = 
Mean = 17.377 μs, StdErr = 0.291 μs (1.67%), N = 6, StdDev = 0.712 μs
Min = 16.515 μs, Q1 = 16.931 μs, Median = 17.239 μs, Q3 = 17.875 μs, Max = 18.355 μs
IQR = 0.943 μs, LowerFence = 15.516 μs, UpperFence = 19.290 μs
ConfidenceInterval = [15.382 μs; 19.373 μs] (CI 99.9%), Margin = 1.996 μs (11.48% of Mean)
Skewness = 0.22, Kurtosis = 1.17, MValue = 2
-------------------- Histogram --------------------
[16.369 μs ; 17.705 μs) | @@@@
[17.705 μs ; 18.869 μs) | @@
---------------------------------------------------

AsyncResourceSyncBenchmarks.RenderThread_Old_SyncTileIngestion: Job-HKQCAU(Toolchain=InProcessEmitToolchain, IterationCount=6, LaunchCount=1, WarmupCount=3) [TileCount=20]
Runtime = ; GC = 
Mean = 21.914 μs, StdErr = 0.451 μs (2.06%), N = 6, StdDev = 1.105 μs
Min = 20.773 μs, Q1 = 21.117 μs, Median = 21.636 μs, Q3 = 22.541 μs, Max = 23.652 μs
IQR = 1.423 μs, LowerFence = 18.982 μs, UpperFence = 24.676 μs
ConfidenceInterval = [18.814 μs; 25.014 μs] (CI 99.9%), Margin = 3.100 μs (14.15% of Mean)
Skewness = 0.44, Kurtosis = 1.35, MValue = 2
-------------------- Histogram --------------------
[20.513 μs ; 22.110 μs) | @@@@
[22.110 μs ; 24.010 μs) | @@
---------------------------------------------------

AsyncResourceSyncBenchmarks.RenderThread_New_AsyncPreSynced: Job-HKQCAU(Toolchain=InProcessEmitToolchain, IterationCount=6, LaunchCount=1, WarmupCount=3) [TileCount=20]
Runtime = ; GC = 
Mean = 6.001 μs, StdErr = 0.058 μs (0.97%), N = 5, StdDev = 0.130 μs
Min = 5.777 μs, Q1 = 6.013 μs, Median = 6.032 μs, Q3 = 6.080 μs, Max = 6.103 μs
IQR = 0.067 μs, LowerFence = 5.911 μs, UpperFence = 6.181 μs
ConfidenceInterval = [5.499 μs; 6.503 μs] (CI 99.9%), Margin = 0.502 μs (8.36% of Mean)
Skewness = -0.87, Kurtosis = 1.85, MValue = 2
-------------------- Histogram --------------------
[5.677 μs ; 5.877 μs) | @
[5.877 μs ; 6.158 μs) | @@@@
---------------------------------------------------

AsyncResourceSyncBenchmarks.DrawBatch_Sequential_Ingestion: Job-HKQCAU(Toolchain=InProcessEmitToolchain, IterationCount=6, LaunchCount=1, WarmupCount=3) [TileCount=20]
Runtime = ; GC = 
Mean = 20.662 μs, StdErr = 0.358 μs (1.73%), N = 6, StdDev = 0.876 μs
Min = 19.395 μs, Q1 = 20.240 μs, Median = 20.631 μs, Q3 = 21.127 μs, Max = 21.911 μs
IQR = 0.887 μs, LowerFence = 18.909 μs, UpperFence = 22.458 μs
ConfidenceInterval = [18.205 μs; 23.119 μs] (CI 99.9%), Margin = 2.457 μs (11.89% of Mean)
Skewness = -0.01, Kurtosis = 1.46, MValue = 2
-------------------- Histogram --------------------
[18.762 μs ; 20.068 μs) | @
[20.068 μs ; 21.334 μs) | @@@@
[21.334 μs ; 22.544 μs) | @
---------------------------------------------------

AsyncResourceSyncBenchmarks.DrawBatch_Parallel_LockContention: Job-HKQCAU(Toolchain=InProcessEmitToolchain, IterationCount=6, LaunchCount=1, WarmupCount=3) [TileCount=20]
Runtime = ; GC = 
Mean = 124.053 μs, StdErr = 2.108 μs (1.70%), N = 6, StdDev = 5.165 μs
Min = 117.826 μs, Q1 = 119.655 μs, Median = 124.655 μs, Q3 = 128.075 μs, Max = 129.980 μs
IQR = 8.420 μs, LowerFence = 107.026 μs, UpperFence = 140.704 μs
ConfidenceInterval = [109.571 μs; 138.535 μs] (CI 99.9%), Margin = 14.482 μs (11.67% of Mean)
Skewness = -0.09, Kurtosis = 0.92, MValue = 2
-------------------- Histogram --------------------
[116.242 μs ; 124.855 μs) | @@@
[124.855 μs ; 133.710 μs) | @@@
---------------------------------------------------

AsyncResourceSyncBenchmarks.Pipeline_Old_WorkerGen_RenderSync: Job-HKQCAU(Toolchain=InProcessEmitToolchain, IterationCount=6, LaunchCount=1, WarmupCount=3) [TileCount=20]
Runtime = ; GC = 
Mean = 30.434 μs, StdErr = 0.368 μs (1.21%), N = 6, StdDev = 0.902 μs
Min = 28.715 μs, Q1 = 30.404 μs, Median = 30.613 μs, Q3 = 30.975 μs, Max = 31.231 μs
IQR = 0.571 μs, LowerFence = 29.547 μs, UpperFence = 31.832 μs
ConfidenceInterval = [27.903 μs; 32.964 μs] (CI 99.9%), Margin = 2.531 μs (8.32% of Mean)
Skewness = -0.98, Kurtosis = 2.33, MValue = 2
-------------------- Histogram --------------------
[28.063 μs ; 29.367 μs) | @
[29.367 μs ; 30.149 μs) | 
[30.149 μs ; 31.453 μs) | @@@@@
---------------------------------------------------

AsyncResourceSyncBenchmarks.Pipeline_New_AsyncGenAndSync: Job-HKQCAU(Toolchain=InProcessEmitToolchain, IterationCount=6, LaunchCount=1, WarmupCount=3) [TileCount=20]
Runtime = ; GC = 
Mean = 81.416 μs, StdErr = 0.541 μs (0.67%), N = 5, StdDev = 1.211 μs
Min = 80.003 μs, Q1 = 80.334 μs, Median = 81.865 μs, Q3 = 81.989 μs, Max = 82.888 μs
IQR = 1.655 μs, LowerFence = 77.852 μs, UpperFence = 84.471 μs
ConfidenceInterval = [76.753 μs; 86.078 μs] (CI 99.9%), Margin = 4.662 μs (5.73% of Mean)
Skewness = -0.07, Kurtosis = 0.95, MValue = 2
-------------------- Histogram --------------------
[79.074 μs ; 81.098 μs) | @@
[81.098 μs ; 83.306 μs) | @@@
---------------------------------------------------

AsyncResourceSyncBenchmarks.RenderThread_Old_SyncTileIngestion: Job-HKQCAU(Toolchain=InProcessEmitToolchain, IterationCount=6, LaunchCount=1, WarmupCount=3) [TileCount=50]
Runtime = ; GC = 
Mean = 52.747 μs, StdErr = 1.011 μs (1.92%), N = 6, StdDev = 2.477 μs
Min = 50.043 μs, Q1 = 50.968 μs, Median = 52.078 μs, Q3 = 54.873 μs, Max = 55.879 μs
IQR = 3.905 μs, LowerFence = 45.110 μs, UpperFence = 60.731 μs
ConfidenceInterval = [45.801 μs; 59.692 μs] (CI 99.9%), Margin = 6.946 μs (13.17% of Mean)
Skewness = 0.27, Kurtosis = 1.03, MValue = 2
-------------------- Histogram --------------------
[49.589 μs ; 53.947 μs) | @@@@
[53.947 μs ; 57.668 μs) | @@
---------------------------------------------------

AsyncResourceSyncBenchmarks.RenderThread_New_AsyncPreSynced: Job-HKQCAU(Toolchain=InProcessEmitToolchain, IterationCount=6, LaunchCount=1, WarmupCount=3) [TileCount=50]
Runtime = ; GC = 
Mean = 14.139 μs, StdErr = 0.207 μs (1.47%), N = 6, StdDev = 0.508 μs
Min = 13.233 μs, Q1 = 13.962 μs, Median = 14.377 μs, Q3 = 14.487 μs, Max = 14.502 μs
IQR = 0.526 μs, LowerFence = 13.173 μs, UpperFence = 15.276 μs
ConfidenceInterval = [12.715 μs; 15.564 μs] (CI 99.9%), Margin = 1.425 μs (10.08% of Mean)
Skewness = -0.81, Kurtosis = 1.82, MValue = 2
-------------------- Histogram --------------------
[12.866 μs ; 13.600 μs) | @
[13.600 μs ; 14.544 μs) | @@@@@
---------------------------------------------------

AsyncResourceSyncBenchmarks.DrawBatch_Sequential_Ingestion: Job-HKQCAU(Toolchain=InProcessEmitToolchain, IterationCount=6, LaunchCount=1, WarmupCount=3) [TileCount=50]
Runtime = ; GC = 
Mean = 47.426 μs, StdErr = 0.567 μs (1.20%), N = 6, StdDev = 1.389 μs
Min = 44.858 μs, Q1 = 47.270 μs, Median = 47.653 μs, Q3 = 48.330 μs, Max = 48.691 μs
IQR = 1.060 μs, LowerFence = 45.680 μs, UpperFence = 49.920 μs
ConfidenceInterval = [43.532 μs; 51.320 μs] (CI 99.9%), Margin = 3.894 μs (8.21% of Mean)
Skewness = -0.84, Kurtosis = 2.14, MValue = 2
-------------------- Histogram --------------------
[43.855 μs ; 45.861 μs) | @
[45.861 μs ; 46.917 μs) | 
[46.917 μs ; 48.923 μs) | @@@@@
---------------------------------------------------

AsyncResourceSyncBenchmarks.DrawBatch_Parallel_LockContention: Job-HKQCAU(Toolchain=InProcessEmitToolchain, IterationCount=6, LaunchCount=1, WarmupCount=3) [TileCount=50]
Runtime = ; GC = 
Mean = 297.817 μs, StdErr = 9.866 μs (3.31%), N = 6, StdDev = 24.166 μs
Min = 268.500 μs, Q1 = 276.883 μs, Median = 301.407 μs, Q3 = 318.321 μs, Max = 322.920 μs
IQR = 41.438 μs, LowerFence = 214.726 μs, UpperFence = 380.478 μs
ConfidenceInterval = [230.050 μs; 365.584 μs] (CI 99.9%), Margin = 67.767 μs (22.75% of Mean)
Skewness = -0.17, Kurtosis = 1.01, MValue = 2
-------------------- Histogram --------------------
[251.045 μs ; 292.292 μs) | @@
[292.292 μs ; 327.203 μs) | @@@@
---------------------------------------------------

AsyncResourceSyncBenchmarks.Pipeline_Old_WorkerGen_RenderSync: Job-HKQCAU(Toolchain=InProcessEmitToolchain, IterationCount=6, LaunchCount=1, WarmupCount=3) [TileCount=50]
Runtime = ; GC = 
Mean = 73.489 μs, StdErr = 2.700 μs (3.67%), N = 6, StdDev = 6.614 μs
Min = 63.775 μs, Q1 = 69.819 μs, Median = 74.616 μs, Q3 = 76.513 μs, Max = 82.561 μs
IQR = 6.694 μs, LowerFence = 59.778 μs, UpperFence = 86.554 μs
ConfidenceInterval = [54.942 μs; 92.036 μs] (CI 99.9%), Margin = 18.547 μs (25.24% of Mean)
Skewness = -0.15, Kurtosis = 1.44, MValue = 2
-------------------- Histogram --------------------
[61.271 μs ; 73.658 μs) | @@
[73.658 μs ; 83.213 μs) | @@@@
---------------------------------------------------

AsyncResourceSyncBenchmarks.Pipeline_New_AsyncGenAndSync: Job-HKQCAU(Toolchain=InProcessEmitToolchain, IterationCount=6, LaunchCount=1, WarmupCount=3) [TileCount=50]
Runtime = ; GC = 
Mean = 190.477 μs, StdErr = 2.738 μs (1.44%), N = 6, StdDev = 6.708 μs
Min = 184.666 μs, Q1 = 185.350 μs, Median = 188.286 μs, Q3 = 193.887 μs, Max = 201.501 μs
IQR = 8.537 μs, LowerFence = 172.544 μs, UpperFence = 206.693 μs
ConfidenceInterval = [171.668 μs; 209.287 μs] (CI 99.9%), Margin = 18.809 μs (9.87% of Mean)
Skewness = 0.54, Kurtosis = 1.45, MValue = 2
-------------------- Histogram --------------------
[182.881 μs ; 192.571 μs) | @@@@
[192.571 μs ; 203.056 μs) | @@
---------------------------------------------------

// * Summary *

BenchmarkDotNet v0.15.8, Windows 11 (10.0.26340.9577)
AMD Ryzen 9 5900X 3.70GHz, 1 CPU, 24 logical and 12 physical cores
.NET SDK 11.0.100-preview.7.26381.103
  [Host] : .NET 10.0.12 (10.0.12, 10.0.1226.42308), X64 RyuJIT x86-64-v3

Toolchain=InProcessEmitToolchain  IterationCount=6  LaunchCount=1  
WarmupCount=3  

| Method                             | TileCount | Mean       | Error      | StdDev     | Ratio | RatioSD | Gen0    | Gen1   | Allocated | Alloc Ratio |
|----------------------------------- |---------- |-----------:|-----------:|-----------:|------:|--------:|--------:|-------:|----------:|------------:|
| RenderThread_Old_SyncTileIngestion | 5         |   6.503 μs |  1.6799 μs |  0.5991 μs |  1.01 |    0.12 |  1.0376 | 0.0534 |   17424 B |        1.00 |
| RenderThread_New_AsyncPreSynced    | 5         |   1.519 μs |  0.0972 μs |  0.0347 μs |  0.24 |    0.02 |       - |      - |         - |        0.00 |
| DrawBatch_Sequential_Ingestion     | 5         |   5.873 μs |  0.2034 μs |  0.0528 μs |  0.91 |    0.07 |  1.0376 | 0.0534 |   17424 B |        1.00 |
| DrawBatch_Parallel_LockContention  | 5         |  36.952 μs |  4.9281 μs |  1.7574 μs |  5.72 |    0.52 |  1.2817 | 0.0610 |   21356 B |        1.23 |
| Pipeline_Old_WorkerGen_RenderSync  | 5         |   7.801 μs |  1.0085 μs |  0.2619 μs |  1.21 |    0.10 |  1.7090 | 0.1068 |   28688 B |        1.65 |
| Pipeline_New_AsyncGenAndSync       | 5         |  17.377 μs |  1.9956 μs |  0.7116 μs |  2.69 |    0.24 |  1.7395 | 0.1526 |   28871 B |        1.66 |
|                                    |           |            |            |            |       |         |         |        |           |             |
| RenderThread_Old_SyncTileIngestion | 20        |  21.914 μs |  3.0999 μs |  1.1054 μs |  1.00 |    0.07 |  2.5330 | 0.2441 |   42432 B |        1.00 |
| RenderThread_New_AsyncPreSynced    | 20        |   6.001 μs |  0.5019 μs |  0.1304 μs |  0.27 |    0.01 |       - |      - |         - |        0.00 |
| DrawBatch_Sequential_Ingestion     | 20        |  20.662 μs |  2.4572 μs |  0.8763 μs |  0.94 |    0.06 |  2.5330 | 0.2441 |   42432 B |        1.00 |
| DrawBatch_Parallel_LockContention  | 20        | 124.053 μs | 14.4823 μs |  5.1645 μs |  5.67 |    0.34 |  2.8076 | 0.2441 |   46795 B |        1.10 |
| Pipeline_Old_WorkerGen_RenderSync  | 20        |  30.434 μs |  2.5306 μs |  0.9024 μs |  1.39 |    0.07 |  5.2185 | 0.8545 |   87416 B |        2.06 |
| Pipeline_New_AsyncGenAndSync       | 20        |  81.416 μs |  4.6624 μs |  1.2108 μs |  3.72 |    0.18 |  5.0049 | 0.7324 |   81887 B |        1.93 |
|                                    |           |            |            |            |       |         |         |        |           |             |
| RenderThread_Old_SyncTileIngestion | 50        |  52.747 μs |  6.9459 μs |  2.4770 μs |  1.00 |    0.06 |  4.4556 |      - |   75416 B |        1.00 |
| RenderThread_New_AsyncPreSynced    | 50        |  14.139 μs |  1.4246 μs |  0.5080 μs |  0.27 |    0.01 |       - |      - |         - |        0.00 |
| DrawBatch_Sequential_Ingestion     | 50        |  47.426 μs |  3.8939 μs |  1.3886 μs |  0.90 |    0.05 |  4.4556 |      - |   75416 B |        1.00 |
| DrawBatch_Parallel_LockContention  | 50        | 297.817 μs | 67.7668 μs | 24.1663 μs |  5.66 |    0.49 |  4.8828 | 0.4883 |   81269 B |        1.08 |
| Pipeline_Old_WorkerGen_RenderSync  | 50        |  73.489 μs | 18.5470 μs |  6.6140 μs |  1.40 |    0.13 | 11.1084 | 2.6855 |  187840 B |        2.49 |
| Pipeline_New_AsyncGenAndSync       | 50        | 190.477 μs | 18.8092 μs |  6.7076 μs |  3.62 |    0.19 | 10.2539 | 2.4414 |  169865 B |        2.25 |

// * Hints *
Outliers
  AsyncResourceSyncBenchmarks.DrawBatch_Sequential_Ingestion: Toolchain=InProcessEmitToolchain, IterationCount=6, LaunchCount=1, WarmupCount=3    -> 1 outlier  was  removed (6.17 μs)
  AsyncResourceSyncBenchmarks.Pipeline_Old_WorkerGen_RenderSync: Toolchain=InProcessEmitToolchain, IterationCount=6, LaunchCount=1, WarmupCount=3 -> 1 outlier  was  removed (9.15 μs)
  AsyncResourceSyncBenchmarks.RenderThread_New_AsyncPreSynced: Toolchain=InProcessEmitToolchain, IterationCount=6, LaunchCount=1, WarmupCount=3   -> 1 outlier  was  removed, 2 outliers were detected (5.78 μs, 6.24 μs)
  AsyncResourceSyncBenchmarks.Pipeline_Old_WorkerGen_RenderSync: Toolchain=InProcessEmitToolchain, IterationCount=6, LaunchCount=1, WarmupCount=3 -> 1 outlier  was  detected (28.72 μs)
  AsyncResourceSyncBenchmarks.Pipeline_New_AsyncGenAndSync: Toolchain=InProcessEmitToolchain, IterationCount=6, LaunchCount=1, WarmupCount=3      -> 1 outlier  was  removed (90.63 μs)
  AsyncResourceSyncBenchmarks.DrawBatch_Sequential_Ingestion: Toolchain=InProcessEmitToolchain, IterationCount=6, LaunchCount=1, WarmupCount=3    -> 1 outlier  was  detected (44.86 μs)

// * Legends *
  TileCount   : Value of the 'TileCount' parameter
  Mean        : Arithmetic mean of all measurements
  Error       : Half of 99.9% confidence interval
  StdDev      : Standard deviation of all measurements
  Ratio       : Mean of the ratio distribution ([Current]/[Baseline])
  RatioSD     : Standard deviation of the ratio distribution ([Current]/[Baseline])
  Gen0        : GC Generation 0 collects per 1000 operations
  Gen1        : GC Generation 1 collects per 1000 operations
  Allocated   : Allocated memory per single operation (managed only, inclusive, 1KB = 1024B)
  Alloc Ratio : Allocated memory ratio distribution ([Current]/[Baseline])
  1 μs        : 1 Microsecond (0.000001 sec)

// * Diagnostic Output - MemoryDiagnoser *


// ***** BenchmarkRunner: End *****
Run time: 00:02:49 (169.8 sec), executed benchmarks: 18

Global total time: 00:02:51 (171.32 sec), executed benchmarks: 18
// * Artifacts cleanup *
Artifacts cleanup is finished
