// Validating benchmarks:
// ***** BenchmarkRunner: Start   *****
// ***** Found 8 benchmark(s) in total *****
// ***** Building 1 exe(s) in Parallel: Start   *****
// ***** Done, took 00:00:00 (0.04 sec)   *****
// Found 8 benchmarks:
//   MemoryBaselines.AllocateSubTileChunk_Legacy: InProcess(Toolchain=InProcessEmitToolchain)
//   MemoryBaselines.AllocateSubTileChunk_Current: InProcess(Toolchain=InProcessEmitToolchain)
//   MemoryBaselines.MeasureSubTile_LegacySize: InProcess(Toolchain=InProcessEmitToolchain)
//   MemoryBaselines.MeasureSubTile_CurrentSize: InProcess(Toolchain=InProcessEmitToolchain)
//   MemoryBaselines.AllocateTileChunk_Legacy: InProcess(Toolchain=InProcessEmitToolchain)
//   MemoryBaselines.AllocateTileChunk_Current: InProcess(Toolchain=InProcessEmitToolchain)
//   MemoryBaselines.MeasureTile_LegacySize: InProcess(Toolchain=InProcessEmitToolchain)
//   MemoryBaselines.MeasureTile_CurrentSize: InProcess(Toolchain=InProcessEmitToolchain)

Setup power plan (GUID: 8c5e7fda-e8bf-4a96-9a85-a6e23a8c635c FriendlyName: High performance)
// **************************
// Benchmark: MemoryBaselines.AllocateSubTileChunk_Legacy: InProcess(Toolchain=InProcessEmitToolchain)
// *** Execute ***
// Launch: 1 / 1

// Benchmark Process Environment Information:
// BenchmarkDotNet v0.15.8
// Runtime=.NET 10.0.11 (10.0.11, 10.0.1126.37416), X64 RyuJIT x86-64-v3
// GC=Concurrent Workstation
// HardwareIntrinsics=AVX2+BMI1+BMI2+F16C+FMA+LZCNT+MOVBE,AVX,SSE3+SSSE3+SSE4.1+SSE4.2+POPCNT,X86Base+SSE+SSE2,AES+PCLMUL VectorSize=256
// Job: Job-JWQWGO(Toolchain=InProcessEmitToolchain)

OverheadJitting  1: 1 op, 210800.00 ns, 210.8000 us/op
WorkloadJitting  1: 1 op, 231400.00 ns, 231.4000 us/op

OverheadJitting  2: 16 op, 454500.00 ns, 28.4063 us/op
WorkloadJitting  2: 16 op, 516300.00 ns, 32.2688 us/op

WorkloadPilot    1: 16 op, 55100.00 ns, 3.4438 us/op
WorkloadPilot    2: 32 op, 301200.00 ns, 9.4125 us/op
WorkloadPilot    3: 64 op, 733200.00 ns, 11.4563 us/op
WorkloadPilot    4: 128 op, 1078600.00 ns, 8.4266 us/op
WorkloadPilot    5: 256 op, 2281100.00 ns, 8.9105 us/op
WorkloadPilot    6: 512 op, 4517100.00 ns, 8.8225 us/op
WorkloadPilot    7: 1024 op, 9409000.00 ns, 9.1885 us/op
WorkloadPilot    8: 2048 op, 17746500.00 ns, 8.6653 us/op
WorkloadPilot    9: 4096 op, 47406500.00 ns, 11.5739 us/op
WorkloadPilot   10: 8192 op, 82020900.00 ns, 10.0123 us/op
WorkloadPilot   11: 16384 op, 141705700.00 ns, 8.6490 us/op
WorkloadPilot   12: 32768 op, 293005100.00 ns, 8.9418 us/op
WorkloadPilot   13: 65536 op, 627300000.00 ns, 9.5718 us/op

OverheadWarmup   1: 65536 op, 274700.00 ns, 4.1916 ns/op
OverheadWarmup   2: 65536 op, 206700.00 ns, 3.1540 ns/op
OverheadWarmup   3: 65536 op, 205500.00 ns, 3.1357 ns/op
OverheadWarmup   4: 65536 op, 207100.00 ns, 3.1601 ns/op
OverheadWarmup   5: 65536 op, 206600.00 ns, 3.1525 ns/op
OverheadWarmup   6: 65536 op, 206600.00 ns, 3.1525 ns/op
OverheadWarmup   7: 65536 op, 225400.00 ns, 3.4393 ns/op

OverheadActual   1: 65536 op, 226900.00 ns, 3.4622 ns/op
OverheadActual   2: 65536 op, 209000.00 ns, 3.1891 ns/op
OverheadActual   3: 65536 op, 210100.00 ns, 3.2059 ns/op
OverheadActual   4: 65536 op, 210100.00 ns, 3.2059 ns/op
OverheadActual   5: 65536 op, 210100.00 ns, 3.2059 ns/op
OverheadActual   6: 65536 op, 210000.00 ns, 3.2043 ns/op
OverheadActual   7: 65536 op, 210000.00 ns, 3.2043 ns/op
OverheadActual   8: 65536 op, 210100.00 ns, 3.2059 ns/op
OverheadActual   9: 65536 op, 210100.00 ns, 3.2059 ns/op
OverheadActual  10: 65536 op, 210100.00 ns, 3.2059 ns/op
OverheadActual  11: 65536 op, 210000.00 ns, 3.2043 ns/op
OverheadActual  12: 65536 op, 210000.00 ns, 3.2043 ns/op
OverheadActual  13: 65536 op, 208900.00 ns, 3.1876 ns/op
OverheadActual  14: 65536 op, 208900.00 ns, 3.1876 ns/op
OverheadActual  15: 65536 op, 208900.00 ns, 3.1876 ns/op

WorkloadWarmup   1: 65536 op, 592409500.00 ns, 9.0395 us/op
WorkloadWarmup   2: 65536 op, 612761600.00 ns, 9.3500 us/op
WorkloadWarmup   3: 65536 op, 767366800.00 ns, 11.7091 us/op
WorkloadWarmup   4: 65536 op, 710623700.00 ns, 10.8433 us/op
WorkloadWarmup   5: 65536 op, 785196700.00 ns, 11.9812 us/op
WorkloadWarmup   6: 65536 op, 735084500.00 ns, 11.2165 us/op

WorkloadActual   1: 65536 op, 749282500.00 ns, 11.4331 us/op
WorkloadActual   2: 65536 op, 774054800.00 ns, 11.8111 us/op
WorkloadActual   3: 65536 op, 684574900.00 ns, 10.4458 us/op
WorkloadActual   4: 65536 op, 688642500.00 ns, 10.5079 us/op
WorkloadActual   5: 65536 op, 708418600.00 ns, 10.8096 us/op
WorkloadActual   6: 65536 op, 696282400.00 ns, 10.6244 us/op
WorkloadActual   7: 65536 op, 684507400.00 ns, 10.4448 us/op
WorkloadActual   8: 65536 op, 705521500.00 ns, 10.7654 us/op
WorkloadActual   9: 65536 op, 701948500.00 ns, 10.7109 us/op
WorkloadActual  10: 65536 op, 679753500.00 ns, 10.3722 us/op
WorkloadActual  11: 65536 op, 690979500.00 ns, 10.5435 us/op
WorkloadActual  12: 65536 op, 741821600.00 ns, 11.3193 us/op
WorkloadActual  13: 65536 op, 874180800.00 ns, 13.3389 us/op
WorkloadActual  14: 65536 op, 842713800.00 ns, 12.8588 us/op
WorkloadActual  15: 65536 op, 819669200.00 ns, 12.5072 us/op
WorkloadActual  16: 65536 op, 705554600.00 ns, 10.7659 us/op
WorkloadActual  17: 65536 op, 656700600.00 ns, 10.0205 us/op
WorkloadActual  18: 65536 op, 678337200.00 ns, 10.3506 us/op
WorkloadActual  19: 65536 op, 694892800.00 ns, 10.6032 us/op
WorkloadActual  20: 65536 op, 668080100.00 ns, 10.1941 us/op
WorkloadActual  21: 65536 op, 656927700.00 ns, 10.0239 us/op
WorkloadActual  22: 65536 op, 602504400.00 ns, 9.1935 us/op
WorkloadActual  23: 65536 op, 576164000.00 ns, 8.7916 us/op
WorkloadActual  24: 65536 op, 575859700.00 ns, 8.7869 us/op
WorkloadActual  25: 65536 op, 646143300.00 ns, 9.8594 us/op
WorkloadActual  26: 65536 op, 564543200.00 ns, 8.6142 us/op
WorkloadActual  27: 65536 op, 588120800.00 ns, 8.9740 us/op
WorkloadActual  28: 65536 op, 637438900.00 ns, 9.7265 us/op
WorkloadActual  29: 65536 op, 657792700.00 ns, 10.0371 us/op
WorkloadActual  30: 65536 op, 572366500.00 ns, 8.7336 us/op
WorkloadActual  31: 65536 op, 574592300.00 ns, 8.7676 us/op
WorkloadActual  32: 65536 op, 593743600.00 ns, 9.0598 us/op
WorkloadActual  33: 65536 op, 562945700.00 ns, 8.5899 us/op
WorkloadActual  34: 65536 op, 599245200.00 ns, 9.1438 us/op
WorkloadActual  35: 65536 op, 619317900.00 ns, 9.4500 us/op
WorkloadActual  36: 65536 op, 588288500.00 ns, 8.9766 us/op
WorkloadActual  37: 65536 op, 599577000.00 ns, 9.1488 us/op
WorkloadActual  38: 65536 op, 619179600.00 ns, 9.4479 us/op
WorkloadActual  39: 65536 op, 597570200.00 ns, 9.1182 us/op
WorkloadActual  40: 65536 op, 592312800.00 ns, 9.0380 us/op
WorkloadActual  41: 65536 op, 568057900.00 ns, 8.6679 us/op
WorkloadActual  42: 65536 op, 683509200.00 ns, 10.4295 us/op
WorkloadActual  43: 65536 op, 601145900.00 ns, 9.1728 us/op
WorkloadActual  44: 65536 op, 570633200.00 ns, 8.7072 us/op
WorkloadActual  45: 65536 op, 616789800.00 ns, 9.4115 us/op
WorkloadActual  46: 65536 op, 581419500.00 ns, 8.8718 us/op
WorkloadActual  47: 65536 op, 633586300.00 ns, 9.6678 us/op
WorkloadActual  48: 65536 op, 685547400.00 ns, 10.4606 us/op
WorkloadActual  49: 65536 op, 631372600.00 ns, 9.6340 us/op
WorkloadActual  50: 65536 op, 585632200.00 ns, 8.9360 us/op
WorkloadActual  51: 65536 op, 592422900.00 ns, 9.0397 us/op
WorkloadActual  52: 65536 op, 608101800.00 ns, 9.2789 us/op
WorkloadActual  53: 65536 op, 608441200.00 ns, 9.2841 us/op
WorkloadActual  54: 65536 op, 582375300.00 ns, 8.8863 us/op
WorkloadActual  55: 65536 op, 630508100.00 ns, 9.6208 us/op
WorkloadActual  56: 65536 op, 578570000.00 ns, 8.8283 us/op
WorkloadActual  57: 65536 op, 609596100.00 ns, 9.3017 us/op
WorkloadActual  58: 65536 op, 665759200.00 ns, 10.1587 us/op
WorkloadActual  59: 65536 op, 582574900.00 ns, 8.8894 us/op
WorkloadActual  60: 65536 op, 602265500.00 ns, 9.1898 us/op
WorkloadActual  61: 65536 op, 665555200.00 ns, 10.1556 us/op
WorkloadActual  62: 65536 op, 596009500.00 ns, 9.0944 us/op
WorkloadActual  63: 65536 op, 631731300.00 ns, 9.6395 us/op
WorkloadActual  64: 65536 op, 604909200.00 ns, 9.2302 us/op
WorkloadActual  65: 65536 op, 642147100.00 ns, 9.7984 us/op
WorkloadActual  66: 65536 op, 574961300.00 ns, 8.7732 us/op
WorkloadActual  67: 65536 op, 602966400.00 ns, 9.2005 us/op
WorkloadActual  68: 65536 op, 686201600.00 ns, 10.4706 us/op
WorkloadActual  69: 65536 op, 706851600.00 ns, 10.7857 us/op
WorkloadActual  70: 65536 op, 740656600.00 ns, 11.3015 us/op
WorkloadActual  71: 65536 op, 683968000.00 ns, 10.4365 us/op
WorkloadActual  72: 65536 op, 620682100.00 ns, 9.4709 us/op
WorkloadActual  73: 65536 op, 560363800.00 ns, 8.5505 us/op
WorkloadActual  74: 65536 op, 619727300.00 ns, 9.4563 us/op
WorkloadActual  75: 65536 op, 572526400.00 ns, 8.7361 us/op
WorkloadActual  76: 65536 op, 577226500.00 ns, 8.8078 us/op
WorkloadActual  77: 65536 op, 589644900.00 ns, 8.9973 us/op
WorkloadActual  78: 65536 op, 636386600.00 ns, 9.7105 us/op
WorkloadActual  79: 65536 op, 630807700.00 ns, 9.6254 us/op
WorkloadActual  80: 65536 op, 579510000.00 ns, 8.8426 us/op
WorkloadActual  81: 65536 op, 637200700.00 ns, 9.7229 us/op
WorkloadActual  82: 65536 op, 603169300.00 ns, 9.2036 us/op
WorkloadActual  83: 65536 op, 582348100.00 ns, 8.8859 us/op
WorkloadActual  84: 65536 op, 633024200.00 ns, 9.6592 us/op
WorkloadActual  85: 65536 op, 616478600.00 ns, 9.4067 us/op
WorkloadActual  86: 65536 op, 614938000.00 ns, 9.3832 us/op
WorkloadActual  87: 65536 op, 650133600.00 ns, 9.9203 us/op
WorkloadActual  88: 65536 op, 650361600.00 ns, 9.9237 us/op
WorkloadActual  89: 65536 op, 710688300.00 ns, 10.8442 us/op
WorkloadActual  90: 65536 op, 634092700.00 ns, 9.6755 us/op
WorkloadActual  91: 65536 op, 585765900.00 ns, 8.9381 us/op
WorkloadActual  92: 65536 op, 700139500.00 ns, 10.6833 us/op
WorkloadActual  93: 65536 op, 656078300.00 ns, 10.0110 us/op
WorkloadActual  94: 65536 op, 606970100.00 ns, 9.2616 us/op
WorkloadActual  95: 65536 op, 622720600.00 ns, 9.5020 us/op
WorkloadActual  96: 65536 op, 599552800.00 ns, 9.1484 us/op
WorkloadActual  97: 65536 op, 598716700.00 ns, 9.1357 us/op
WorkloadActual  98: 65536 op, 577238100.00 ns, 8.8080 us/op
WorkloadActual  99: 65536 op, 595237600.00 ns, 9.0826 us/op
WorkloadActual  100: 65536 op, 647260200.00 ns, 9.8764 us/op

WorkloadResult   1: 65536 op, 749072500.00 ns, 11.4299 us/op
WorkloadResult   2: 65536 op, 773844800.00 ns, 11.8079 us/op
WorkloadResult   3: 65536 op, 684364900.00 ns, 10.4426 us/op
WorkloadResult   4: 65536 op, 688432500.00 ns, 10.5046 us/op
WorkloadResult   5: 65536 op, 708208600.00 ns, 10.8064 us/op
WorkloadResult   6: 65536 op, 696072400.00 ns, 10.6212 us/op
WorkloadResult   7: 65536 op, 684297400.00 ns, 10.4415 us/op
WorkloadResult   8: 65536 op, 705311500.00 ns, 10.7622 us/op
WorkloadResult   9: 65536 op, 701738500.00 ns, 10.7077 us/op
WorkloadResult  10: 65536 op, 679543500.00 ns, 10.3690 us/op
WorkloadResult  11: 65536 op, 690769500.00 ns, 10.5403 us/op
WorkloadResult  12: 65536 op, 741611600.00 ns, 11.3161 us/op
WorkloadResult  13: 65536 op, 705344600.00 ns, 10.7627 us/op
WorkloadResult  14: 65536 op, 656490600.00 ns, 10.0173 us/op
WorkloadResult  15: 65536 op, 678127200.00 ns, 10.3474 us/op
WorkloadResult  16: 65536 op, 694682800.00 ns, 10.6000 us/op
WorkloadResult  17: 65536 op, 667870100.00 ns, 10.1909 us/op
WorkloadResult  18: 65536 op, 656717700.00 ns, 10.0207 us/op
WorkloadResult  19: 65536 op, 602294400.00 ns, 9.1903 us/op
WorkloadResult  20: 65536 op, 575954000.00 ns, 8.7884 us/op
WorkloadResult  21: 65536 op, 575649700.00 ns, 8.7837 us/op
WorkloadResult  22: 65536 op, 645933300.00 ns, 9.8562 us/op
WorkloadResult  23: 65536 op, 564333200.00 ns, 8.6110 us/op
WorkloadResult  24: 65536 op, 587910800.00 ns, 8.9708 us/op
WorkloadResult  25: 65536 op, 637228900.00 ns, 9.7233 us/op
WorkloadResult  26: 65536 op, 657582700.00 ns, 10.0339 us/op
WorkloadResult  27: 65536 op, 572156500.00 ns, 8.7304 us/op
WorkloadResult  28: 65536 op, 574382300.00 ns, 8.7644 us/op
WorkloadResult  29: 65536 op, 593533600.00 ns, 9.0566 us/op
WorkloadResult  30: 65536 op, 562735700.00 ns, 8.5867 us/op
WorkloadResult  31: 65536 op, 599035200.00 ns, 9.1406 us/op
WorkloadResult  32: 65536 op, 619107900.00 ns, 9.4468 us/op
WorkloadResult  33: 65536 op, 588078500.00 ns, 8.9734 us/op
WorkloadResult  34: 65536 op, 599367000.00 ns, 9.1456 us/op
WorkloadResult  35: 65536 op, 618969600.00 ns, 9.4447 us/op
WorkloadResult  36: 65536 op, 597360200.00 ns, 9.1150 us/op
WorkloadResult  37: 65536 op, 592102800.00 ns, 9.0348 us/op
WorkloadResult  38: 65536 op, 567847900.00 ns, 8.6647 us/op
WorkloadResult  39: 65536 op, 683299200.00 ns, 10.4263 us/op
WorkloadResult  40: 65536 op, 600935900.00 ns, 9.1696 us/op
WorkloadResult  41: 65536 op, 570423200.00 ns, 8.7040 us/op
WorkloadResult  42: 65536 op, 616579800.00 ns, 9.4083 us/op
WorkloadResult  43: 65536 op, 581209500.00 ns, 8.8686 us/op
WorkloadResult  44: 65536 op, 633376300.00 ns, 9.6646 us/op
WorkloadResult  45: 65536 op, 685337400.00 ns, 10.4574 us/op
WorkloadResult  46: 65536 op, 631162600.00 ns, 9.6308 us/op
WorkloadResult  47: 65536 op, 585422200.00 ns, 8.9328 us/op
WorkloadResult  48: 65536 op, 592212900.00 ns, 9.0365 us/op
WorkloadResult  49: 65536 op, 607891800.00 ns, 9.2757 us/op
WorkloadResult  50: 65536 op, 608231200.00 ns, 9.2809 us/op
WorkloadResult  51: 65536 op, 582165300.00 ns, 8.8831 us/op
WorkloadResult  52: 65536 op, 630298100.00 ns, 9.6176 us/op
WorkloadResult  53: 65536 op, 578360000.00 ns, 8.8251 us/op
WorkloadResult  54: 65536 op, 609386100.00 ns, 9.2985 us/op
WorkloadResult  55: 65536 op, 665549200.00 ns, 10.1555 us/op
WorkloadResult  56: 65536 op, 582364900.00 ns, 8.8862 us/op
WorkloadResult  57: 65536 op, 602055500.00 ns, 9.1866 us/op
WorkloadResult  58: 65536 op, 665345200.00 ns, 10.1524 us/op
WorkloadResult  59: 65536 op, 595799500.00 ns, 9.0912 us/op
WorkloadResult  60: 65536 op, 631521300.00 ns, 9.6363 us/op
WorkloadResult  61: 65536 op, 604699200.00 ns, 9.2270 us/op
WorkloadResult  62: 65536 op, 641937100.00 ns, 9.7952 us/op
WorkloadResult  63: 65536 op, 574751300.00 ns, 8.7700 us/op
WorkloadResult  64: 65536 op, 602756400.00 ns, 9.1973 us/op
WorkloadResult  65: 65536 op, 685991600.00 ns, 10.4674 us/op
WorkloadResult  66: 65536 op, 706641600.00 ns, 10.7825 us/op
WorkloadResult  67: 65536 op, 740446600.00 ns, 11.2983 us/op
WorkloadResult  68: 65536 op, 683758000.00 ns, 10.4333 us/op
WorkloadResult  69: 65536 op, 620472100.00 ns, 9.4677 us/op
WorkloadResult  70: 65536 op, 560153800.00 ns, 8.5473 us/op
WorkloadResult  71: 65536 op, 619517300.00 ns, 9.4531 us/op
WorkloadResult  72: 65536 op, 572316400.00 ns, 8.7329 us/op
WorkloadResult  73: 65536 op, 577016500.00 ns, 8.8046 us/op
WorkloadResult  74: 65536 op, 589434900.00 ns, 8.9941 us/op
WorkloadResult  75: 65536 op, 636176600.00 ns, 9.7073 us/op
WorkloadResult  76: 65536 op, 630597700.00 ns, 9.6222 us/op
WorkloadResult  77: 65536 op, 579300000.00 ns, 8.8394 us/op
WorkloadResult  78: 65536 op, 636990700.00 ns, 9.7197 us/op
WorkloadResult  79: 65536 op, 602959300.00 ns, 9.2004 us/op
WorkloadResult  80: 65536 op, 582138100.00 ns, 8.8827 us/op
WorkloadResult  81: 65536 op, 632814200.00 ns, 9.6560 us/op
WorkloadResult  82: 65536 op, 616268600.00 ns, 9.4035 us/op
WorkloadResult  83: 65536 op, 614728000.00 ns, 9.3800 us/op
WorkloadResult  84: 65536 op, 649923600.00 ns, 9.9170 us/op
WorkloadResult  85: 65536 op, 650151600.00 ns, 9.9205 us/op
WorkloadResult  86: 65536 op, 710478300.00 ns, 10.8410 us/op
WorkloadResult  87: 65536 op, 633882700.00 ns, 9.6723 us/op
WorkloadResult  88: 65536 op, 585555900.00 ns, 8.9349 us/op
WorkloadResult  89: 65536 op, 699929500.00 ns, 10.6801 us/op
WorkloadResult  90: 65536 op, 655868300.00 ns, 10.0078 us/op
WorkloadResult  91: 65536 op, 606760100.00 ns, 9.2584 us/op
WorkloadResult  92: 65536 op, 622510600.00 ns, 9.4988 us/op
WorkloadResult  93: 65536 op, 599342800.00 ns, 9.1452 us/op
WorkloadResult  94: 65536 op, 598506700.00 ns, 9.1325 us/op
WorkloadResult  95: 65536 op, 577028100.00 ns, 8.8048 us/op
WorkloadResult  96: 65536 op, 595027600.00 ns, 9.0794 us/op
WorkloadResult  97: 65536 op, 647050200.00 ns, 9.8732 us/op
// GC:  2340 2340 2340 7523154688 65536
// Threading:  0 0 65536


Mean = 9.624 μs, StdErr = 0.077 μs (0.79%), N = 97, StdDev = 0.754 μs
Min = 8.547 μs, Q1 = 9.035 μs, Median = 9.447 μs, Q3 = 10.155 μs, Max = 11.808 μs
IQR = 1.121 μs, LowerFence = 7.354 μs, UpperFence = 11.837 μs
ConfidenceInterval = [9.364 μs; 9.883 μs] (CI 99.9%), Margin = 0.260 μs (2.70% of Mean)
Skewness = 0.68, Kurtosis = 2.61, MValue = 2.97

// ** Remained 7 (87.5%) benchmark(s) to run. Estimated finish 2026-08-31 19:29 (0h 8m from now) **
Setup power plan (GUID: 8c5e7fda-e8bf-4a96-9a85-a6e23a8c635c FriendlyName: High performance)
// **************************
// Benchmark: MemoryBaselines.AllocateSubTileChunk_Current: InProcess(Toolchain=InProcessEmitToolchain)
// *** Execute ***
// Launch: 1 / 1

// Benchmark Process Environment Information:
// BenchmarkDotNet v0.15.8
// Runtime=.NET 10.0.11 (10.0.11, 10.0.1126.37416), X64 RyuJIT x86-64-v3
// GC=Concurrent Workstation
// HardwareIntrinsics=AVX2+BMI1+BMI2+F16C+FMA+LZCNT+MOVBE,AVX,SSE3+SSSE3+SSE4.1+SSE4.2+POPCNT,X86Base+SSE+SSE2,AES+PCLMUL VectorSize=256
// Job: Job-JWQWGO(Toolchain=InProcessEmitToolchain)

OverheadJitting  1: 1 op, 269500.00 ns, 269.5000 us/op
WorkloadJitting  1: 1 op, 376900.00 ns, 376.9000 us/op

OverheadJitting  2: 16 op, 636200.00 ns, 39.7625 us/op
WorkloadJitting  2: 16 op, 768300.00 ns, 48.0188 us/op

WorkloadPilot    1: 16 op, 113900.00 ns, 7.1188 us/op
WorkloadPilot    2: 32 op, 191500.00 ns, 5.9844 us/op
WorkloadPilot    3: 64 op, 449000.00 ns, 7.0156 us/op
WorkloadPilot    4: 128 op, 1480600.00 ns, 11.5672 us/op
WorkloadPilot    5: 256 op, 5171700.00 ns, 20.2020 us/op
WorkloadPilot    6: 512 op, 4362500.00 ns, 8.5205 us/op
WorkloadPilot    7: 1024 op, 4078100.00 ns, 3.9825 us/op
WorkloadPilot    8: 2048 op, 4954500.00 ns, 2.4192 us/op
WorkloadPilot    9: 4096 op, 8339900.00 ns, 2.0361 us/op
WorkloadPilot   10: 8192 op, 16449500.00 ns, 2.0080 us/op
WorkloadPilot   11: 16384 op, 36465500.00 ns, 2.2257 us/op
WorkloadPilot   12: 32768 op, 63910900.00 ns, 1.9504 us/op
WorkloadPilot   13: 65536 op, 95189500.00 ns, 1.4525 us/op
WorkloadPilot   14: 131072 op, 167475900.00 ns, 1.2777 us/op
WorkloadPilot   15: 262144 op, 365698300.00 ns, 1.3950 us/op
WorkloadPilot   16: 524288 op, 697772400.00 ns, 1.3309 us/op

OverheadWarmup   1: 524288 op, 2067400.00 ns, 3.9433 ns/op
OverheadWarmup   2: 524288 op, 1881400.00 ns, 3.5885 ns/op
OverheadWarmup   3: 524288 op, 1843800.00 ns, 3.5168 ns/op
OverheadWarmup   4: 524288 op, 2461500.00 ns, 4.6949 ns/op
OverheadWarmup   5: 524288 op, 1748900.00 ns, 3.3358 ns/op
OverheadWarmup   6: 524288 op, 1808100.00 ns, 3.4487 ns/op
OverheadWarmup   7: 524288 op, 2235300.00 ns, 4.2635 ns/op
OverheadWarmup   8: 524288 op, 2391900.00 ns, 4.5622 ns/op
OverheadWarmup   9: 524288 op, 1768800.00 ns, 3.3737 ns/op

OverheadActual   1: 524288 op, 2329200.00 ns, 4.4426 ns/op
OverheadActual   2: 524288 op, 2018800.00 ns, 3.8506 ns/op
OverheadActual   3: 524288 op, 2758400.00 ns, 5.2612 ns/op
OverheadActual   4: 524288 op, 1777100.00 ns, 3.3895 ns/op
OverheadActual   5: 524288 op, 1741900.00 ns, 3.3224 ns/op
OverheadActual   6: 524288 op, 1718400.00 ns, 3.2776 ns/op
OverheadActual   7: 524288 op, 1720900.00 ns, 3.2824 ns/op
OverheadActual   8: 524288 op, 1762700.00 ns, 3.3621 ns/op
OverheadActual   9: 524288 op, 1893400.00 ns, 3.6114 ns/op
OverheadActual  10: 524288 op, 1994400.00 ns, 3.8040 ns/op
OverheadActual  11: 524288 op, 1728800.00 ns, 3.2974 ns/op
OverheadActual  12: 524288 op, 2218600.00 ns, 4.2316 ns/op
OverheadActual  13: 524288 op, 2254800.00 ns, 4.3007 ns/op
OverheadActual  14: 524288 op, 1708600.00 ns, 3.2589 ns/op
OverheadActual  15: 524288 op, 1854300.00 ns, 3.5368 ns/op
OverheadActual  16: 524288 op, 2368900.00 ns, 4.5183 ns/op
OverheadActual  17: 524288 op, 1687500.00 ns, 3.2187 ns/op
OverheadActual  18: 524288 op, 1864800.00 ns, 3.5568 ns/op
OverheadActual  19: 524288 op, 1843600.00 ns, 3.5164 ns/op
OverheadActual  20: 524288 op, 2239200.00 ns, 4.2709 ns/op

WorkloadWarmup   1: 524288 op, 741223800.00 ns, 1.4138 us/op
WorkloadWarmup   2: 524288 op, 745538800.00 ns, 1.4220 us/op
WorkloadWarmup   3: 524288 op, 806660500.00 ns, 1.5386 us/op
WorkloadWarmup   4: 524288 op, 909859700.00 ns, 1.7354 us/op
WorkloadWarmup   5: 524288 op, 850229300.00 ns, 1.6217 us/op
WorkloadWarmup   6: 524288 op, 849970000.00 ns, 1.6212 us/op
WorkloadWarmup   7: 524288 op, 766486300.00 ns, 1.4620 us/op
WorkloadWarmup   8: 524288 op, 658761000.00 ns, 1.2565 us/op
WorkloadWarmup   9: 524288 op, 657279200.00 ns, 1.2537 us/op
WorkloadWarmup  10: 524288 op, 659755800.00 ns, 1.2584 us/op
WorkloadWarmup  11: 524288 op, 742405200.00 ns, 1.4160 us/op
WorkloadWarmup  12: 524288 op, 637063200.00 ns, 1.2151 us/op

WorkloadActual   1: 524288 op, 715869900.00 ns, 1.3654 us/op
WorkloadActual   2: 524288 op, 734097600.00 ns, 1.4002 us/op
WorkloadActual   3: 524288 op, 693442000.00 ns, 1.3226 us/op
WorkloadActual   4: 524288 op, 684846900.00 ns, 1.3062 us/op
WorkloadActual   5: 524288 op, 690010900.00 ns, 1.3161 us/op
WorkloadActual   6: 524288 op, 672848400.00 ns, 1.2834 us/op
WorkloadActual   7: 524288 op, 676164900.00 ns, 1.2897 us/op
WorkloadActual   8: 524288 op, 642408600.00 ns, 1.2253 us/op
WorkloadActual   9: 524288 op, 659872900.00 ns, 1.2586 us/op
WorkloadActual  10: 524288 op, 642189200.00 ns, 1.2249 us/op
WorkloadActual  11: 524288 op, 677693000.00 ns, 1.2926 us/op
WorkloadActual  12: 524288 op, 647446300.00 ns, 1.2349 us/op
WorkloadActual  13: 524288 op, 659413300.00 ns, 1.2577 us/op
WorkloadActual  14: 524288 op, 737834800.00 ns, 1.4073 us/op
WorkloadActual  15: 524288 op, 757261900.00 ns, 1.4444 us/op
WorkloadActual  16: 524288 op, 918650500.00 ns, 1.7522 us/op
WorkloadActual  17: 524288 op, 765042100.00 ns, 1.4592 us/op
WorkloadActual  18: 524288 op, 778805900.00 ns, 1.4855 us/op
WorkloadActual  19: 524288 op, 831644700.00 ns, 1.5862 us/op
WorkloadActual  20: 524288 op, 739454500.00 ns, 1.4104 us/op
WorkloadActual  21: 524288 op, 636911500.00 ns, 1.2148 us/op
WorkloadActual  22: 524288 op, 669833800.00 ns, 1.2776 us/op
WorkloadActual  23: 524288 op, 688689700.00 ns, 1.3136 us/op
WorkloadActual  24: 524288 op, 604718100.00 ns, 1.1534 us/op
WorkloadActual  25: 524288 op, 664368400.00 ns, 1.2672 us/op
WorkloadActual  26: 524288 op, 677032600.00 ns, 1.2913 us/op
WorkloadActual  27: 524288 op, 707513700.00 ns, 1.3495 us/op
WorkloadActual  28: 524288 op, 728215900.00 ns, 1.3890 us/op
WorkloadActual  29: 524288 op, 727189500.00 ns, 1.3870 us/op
WorkloadActual  30: 524288 op, 664669300.00 ns, 1.2678 us/op
WorkloadActual  31: 524288 op, 673523300.00 ns, 1.2846 us/op
WorkloadActual  32: 524288 op, 708876400.00 ns, 1.3521 us/op
WorkloadActual  33: 524288 op, 632150700.00 ns, 1.2057 us/op
WorkloadActual  34: 524288 op, 652877700.00 ns, 1.2453 us/op
WorkloadActual  35: 524288 op, 709978400.00 ns, 1.3542 us/op
WorkloadActual  36: 524288 op, 623089400.00 ns, 1.1884 us/op
WorkloadActual  37: 524288 op, 661878200.00 ns, 1.2624 us/op
WorkloadActual  38: 524288 op, 739251000.00 ns, 1.4100 us/op
WorkloadActual  39: 524288 op, 698888500.00 ns, 1.3330 us/op
WorkloadActual  40: 524288 op, 723089900.00 ns, 1.3792 us/op
WorkloadActual  41: 524288 op, 761081900.00 ns, 1.4516 us/op
WorkloadActual  42: 524288 op, 801160400.00 ns, 1.5281 us/op
WorkloadActual  43: 524288 op, 741915700.00 ns, 1.4151 us/op
WorkloadActual  44: 524288 op, 704891600.00 ns, 1.3445 us/op
WorkloadActual  45: 524288 op, 678747000.00 ns, 1.2946 us/op
WorkloadActual  46: 524288 op, 685746000.00 ns, 1.3080 us/op
WorkloadActual  47: 524288 op, 633584800.00 ns, 1.2085 us/op
WorkloadActual  48: 524288 op, 793659500.00 ns, 1.5138 us/op
WorkloadActual  49: 524288 op, 868390900.00 ns, 1.6563 us/op
WorkloadActual  50: 524288 op, 642766300.00 ns, 1.2260 us/op
WorkloadActual  51: 524288 op, 781690500.00 ns, 1.4910 us/op
WorkloadActual  52: 524288 op, 706773500.00 ns, 1.3481 us/op
WorkloadActual  53: 524288 op, 674985100.00 ns, 1.2874 us/op
WorkloadActual  54: 524288 op, 720363000.00 ns, 1.3740 us/op
WorkloadActual  55: 524288 op, 697745300.00 ns, 1.3308 us/op
WorkloadActual  56: 524288 op, 692619300.00 ns, 1.3211 us/op
WorkloadActual  57: 524288 op, 772625000.00 ns, 1.4737 us/op
WorkloadActual  58: 524288 op, 671572000.00 ns, 1.2809 us/op
WorkloadActual  59: 524288 op, 704724200.00 ns, 1.3442 us/op
WorkloadActual  60: 524288 op, 660844800.00 ns, 1.2605 us/op
WorkloadActual  61: 524288 op, 703855100.00 ns, 1.3425 us/op
WorkloadActual  62: 524288 op, 784640500.00 ns, 1.4966 us/op
WorkloadActual  63: 524288 op, 641256100.00 ns, 1.2231 us/op
WorkloadActual  64: 524288 op, 685824400.00 ns, 1.3081 us/op
WorkloadActual  65: 524288 op, 1094440100.00 ns, 2.0875 us/op
WorkloadActual  66: 524288 op, 691601700.00 ns, 1.3191 us/op
WorkloadActual  67: 524288 op, 715812500.00 ns, 1.3653 us/op
WorkloadActual  68: 524288 op, 617962600.00 ns, 1.1787 us/op
WorkloadActual  69: 524288 op, 743279400.00 ns, 1.4177 us/op
WorkloadActual  70: 524288 op, 703276500.00 ns, 1.3414 us/op
WorkloadActual  71: 524288 op, 678942800.00 ns, 1.2950 us/op
WorkloadActual  72: 524288 op, 717702700.00 ns, 1.3689 us/op
WorkloadActual  73: 524288 op, 672033400.00 ns, 1.2818 us/op
WorkloadActual  74: 524288 op, 635982400.00 ns, 1.2130 us/op
WorkloadActual  75: 524288 op, 882298300.00 ns, 1.6829 us/op
WorkloadActual  76: 524288 op, 994831200.00 ns, 1.8975 us/op
WorkloadActual  77: 524288 op, 785208900.00 ns, 1.4977 us/op
WorkloadActual  78: 524288 op, 842930900.00 ns, 1.6078 us/op
WorkloadActual  79: 524288 op, 728586400.00 ns, 1.3897 us/op
WorkloadActual  80: 524288 op, 706427900.00 ns, 1.3474 us/op
WorkloadActual  81: 524288 op, 696074800.00 ns, 1.3277 us/op
WorkloadActual  82: 524288 op, 758093400.00 ns, 1.4459 us/op
WorkloadActual  83: 524288 op, 686000300.00 ns, 1.3084 us/op
WorkloadActual  84: 524288 op, 652832600.00 ns, 1.2452 us/op
WorkloadActual  85: 524288 op, 735620000.00 ns, 1.4031 us/op
WorkloadActual  86: 524288 op, 676684200.00 ns, 1.2907 us/op
WorkloadActual  87: 524288 op, 647930000.00 ns, 1.2358 us/op
WorkloadActual  88: 524288 op, 655356000.00 ns, 1.2500 us/op
WorkloadActual  89: 524288 op, 690567600.00 ns, 1.3172 us/op
WorkloadActual  90: 524288 op, 707482100.00 ns, 1.3494 us/op
WorkloadActual  91: 524288 op, 747543000.00 ns, 1.4258 us/op
WorkloadActual  92: 524288 op, 732900800.00 ns, 1.3979 us/op
WorkloadActual  93: 524288 op, 646269100.00 ns, 1.2327 us/op
WorkloadActual  94: 524288 op, 645713800.00 ns, 1.2316 us/op
WorkloadActual  95: 524288 op, 684048300.00 ns, 1.3047 us/op
WorkloadActual  96: 524288 op, 641670900.00 ns, 1.2239 us/op
WorkloadActual  97: 524288 op, 715043400.00 ns, 1.3638 us/op
WorkloadActual  98: 524288 op, 672992700.00 ns, 1.2836 us/op
WorkloadActual  99: 524288 op, 683073500.00 ns, 1.3029 us/op
WorkloadActual  100: 524288 op, 674665000.00 ns, 1.2868 us/op

WorkloadResult   1: 524288 op, 714010350.00 ns, 1.3619 us/op
WorkloadResult   2: 524288 op, 732238050.00 ns, 1.3966 us/op
WorkloadResult   3: 524288 op, 691582450.00 ns, 1.3191 us/op
WorkloadResult   4: 524288 op, 682987350.00 ns, 1.3027 us/op
WorkloadResult   5: 524288 op, 688151350.00 ns, 1.3125 us/op
WorkloadResult   6: 524288 op, 670988850.00 ns, 1.2798 us/op
WorkloadResult   7: 524288 op, 674305350.00 ns, 1.2861 us/op
WorkloadResult   8: 524288 op, 640549050.00 ns, 1.2218 us/op
WorkloadResult   9: 524288 op, 658013350.00 ns, 1.2551 us/op
WorkloadResult  10: 524288 op, 640329650.00 ns, 1.2213 us/op
WorkloadResult  11: 524288 op, 675833450.00 ns, 1.2891 us/op
WorkloadResult  12: 524288 op, 645586750.00 ns, 1.2314 us/op
WorkloadResult  13: 524288 op, 657553750.00 ns, 1.2542 us/op
WorkloadResult  14: 524288 op, 735975250.00 ns, 1.4038 us/op
WorkloadResult  15: 524288 op, 755402350.00 ns, 1.4408 us/op
WorkloadResult  16: 524288 op, 763182550.00 ns, 1.4557 us/op
WorkloadResult  17: 524288 op, 776946350.00 ns, 1.4819 us/op
WorkloadResult  18: 524288 op, 829785150.00 ns, 1.5827 us/op
WorkloadResult  19: 524288 op, 737594950.00 ns, 1.4069 us/op
WorkloadResult  20: 524288 op, 635051950.00 ns, 1.2113 us/op
WorkloadResult  21: 524288 op, 667974250.00 ns, 1.2741 us/op
WorkloadResult  22: 524288 op, 686830150.00 ns, 1.3100 us/op
WorkloadResult  23: 524288 op, 602858550.00 ns, 1.1499 us/op
WorkloadResult  24: 524288 op, 662508850.00 ns, 1.2636 us/op
WorkloadResult  25: 524288 op, 675173050.00 ns, 1.2878 us/op
WorkloadResult  26: 524288 op, 705654150.00 ns, 1.3459 us/op
WorkloadResult  27: 524288 op, 726356350.00 ns, 1.3854 us/op
WorkloadResult  28: 524288 op, 725329950.00 ns, 1.3835 us/op
WorkloadResult  29: 524288 op, 662809750.00 ns, 1.2642 us/op
WorkloadResult  30: 524288 op, 671663750.00 ns, 1.2811 us/op
WorkloadResult  31: 524288 op, 707016850.00 ns, 1.3485 us/op
WorkloadResult  32: 524288 op, 630291150.00 ns, 1.2022 us/op
WorkloadResult  33: 524288 op, 651018150.00 ns, 1.2417 us/op
WorkloadResult  34: 524288 op, 708118850.00 ns, 1.3506 us/op
WorkloadResult  35: 524288 op, 621229850.00 ns, 1.1849 us/op
WorkloadResult  36: 524288 op, 660018650.00 ns, 1.2589 us/op
WorkloadResult  37: 524288 op, 737391450.00 ns, 1.4065 us/op
WorkloadResult  38: 524288 op, 697028950.00 ns, 1.3295 us/op
WorkloadResult  39: 524288 op, 721230350.00 ns, 1.3756 us/op
WorkloadResult  40: 524288 op, 759222350.00 ns, 1.4481 us/op
WorkloadResult  41: 524288 op, 799300850.00 ns, 1.5245 us/op
WorkloadResult  42: 524288 op, 740056150.00 ns, 1.4115 us/op
WorkloadResult  43: 524288 op, 703032050.00 ns, 1.3409 us/op
WorkloadResult  44: 524288 op, 676887450.00 ns, 1.2911 us/op
WorkloadResult  45: 524288 op, 683886450.00 ns, 1.3044 us/op
WorkloadResult  46: 524288 op, 631725250.00 ns, 1.2049 us/op
WorkloadResult  47: 524288 op, 791799950.00 ns, 1.5102 us/op
WorkloadResult  48: 524288 op, 640906750.00 ns, 1.2224 us/op
WorkloadResult  49: 524288 op, 779830950.00 ns, 1.4874 us/op
WorkloadResult  50: 524288 op, 704913950.00 ns, 1.3445 us/op
WorkloadResult  51: 524288 op, 673125550.00 ns, 1.2839 us/op
WorkloadResult  52: 524288 op, 718503450.00 ns, 1.3704 us/op
WorkloadResult  53: 524288 op, 695885750.00 ns, 1.3273 us/op
WorkloadResult  54: 524288 op, 690759750.00 ns, 1.3175 us/op
WorkloadResult  55: 524288 op, 770765450.00 ns, 1.4701 us/op
WorkloadResult  56: 524288 op, 669712450.00 ns, 1.2774 us/op
WorkloadResult  57: 524288 op, 702864650.00 ns, 1.3406 us/op
WorkloadResult  58: 524288 op, 658985250.00 ns, 1.2569 us/op
WorkloadResult  59: 524288 op, 701995550.00 ns, 1.3390 us/op
WorkloadResult  60: 524288 op, 782780950.00 ns, 1.4930 us/op
WorkloadResult  61: 524288 op, 639396550.00 ns, 1.2196 us/op
WorkloadResult  62: 524288 op, 683964850.00 ns, 1.3046 us/op
WorkloadResult  63: 524288 op, 689742150.00 ns, 1.3156 us/op
WorkloadResult  64: 524288 op, 713952950.00 ns, 1.3618 us/op
WorkloadResult  65: 524288 op, 616103050.00 ns, 1.1751 us/op
WorkloadResult  66: 524288 op, 741419850.00 ns, 1.4141 us/op
WorkloadResult  67: 524288 op, 701416950.00 ns, 1.3378 us/op
WorkloadResult  68: 524288 op, 677083250.00 ns, 1.2914 us/op
WorkloadResult  69: 524288 op, 715843150.00 ns, 1.3654 us/op
WorkloadResult  70: 524288 op, 670173850.00 ns, 1.2783 us/op
WorkloadResult  71: 524288 op, 634122850.00 ns, 1.2095 us/op
WorkloadResult  72: 524288 op, 783349350.00 ns, 1.4941 us/op
WorkloadResult  73: 524288 op, 726726850.00 ns, 1.3861 us/op
WorkloadResult  74: 524288 op, 704568350.00 ns, 1.3439 us/op
WorkloadResult  75: 524288 op, 694215250.00 ns, 1.3241 us/op
WorkloadResult  76: 524288 op, 756233850.00 ns, 1.4424 us/op
WorkloadResult  77: 524288 op, 684140750.00 ns, 1.3049 us/op
WorkloadResult  78: 524288 op, 650973050.00 ns, 1.2416 us/op
WorkloadResult  79: 524288 op, 733760450.00 ns, 1.3995 us/op
WorkloadResult  80: 524288 op, 674824650.00 ns, 1.2871 us/op
WorkloadResult  81: 524288 op, 646070450.00 ns, 1.2323 us/op
WorkloadResult  82: 524288 op, 653496450.00 ns, 1.2464 us/op
WorkloadResult  83: 524288 op, 688708050.00 ns, 1.3136 us/op
WorkloadResult  84: 524288 op, 705622550.00 ns, 1.3459 us/op
WorkloadResult  85: 524288 op, 745683450.00 ns, 1.4223 us/op
WorkloadResult  86: 524288 op, 731041250.00 ns, 1.3944 us/op
WorkloadResult  87: 524288 op, 644409550.00 ns, 1.2291 us/op
WorkloadResult  88: 524288 op, 643854250.00 ns, 1.2281 us/op
WorkloadResult  89: 524288 op, 682188750.00 ns, 1.3012 us/op
WorkloadResult  90: 524288 op, 639811350.00 ns, 1.2203 us/op
WorkloadResult  91: 524288 op, 713183850.00 ns, 1.3603 us/op
WorkloadResult  92: 524288 op, 671133150.00 ns, 1.2801 us/op
WorkloadResult  93: 524288 op, 681213950.00 ns, 1.2993 us/op
WorkloadResult  94: 524288 op, 672805450.00 ns, 1.2833 us/op
// GC:  2047 0 0 34372323968 524288
// Threading:  0 0 524288


Mean = 1.325 μs, StdErr = 0.009 μs (0.68%), N = 94, StdDev = 0.087 μs
Min = 1.150 μs, Q1 = 1.264 μs, Median = 1.313 μs, Q3 = 1.382 μs, Max = 1.583 μs
IQR = 0.118 μs, LowerFence = 1.087 μs, UpperFence = 1.558 μs
ConfidenceInterval = [1.295 μs; 1.356 μs] (CI 99.9%), Margin = 0.031 μs (2.31% of Mean)
Skewness = 0.54, Kurtosis = 2.89, MValue = 2

// ** Remained 6 (75.0%) benchmark(s) to run. Estimated finish 2026-08-31 19:30 (0h 7m from now) **
Setup power plan (GUID: 8c5e7fda-e8bf-4a96-9a85-a6e23a8c635c FriendlyName: High performance)
// **************************
// Benchmark: MemoryBaselines.MeasureSubTile_LegacySize: InProcess(Toolchain=InProcessEmitToolchain)
// *** Execute ***
// Launch: 1 / 1

// Benchmark Process Environment Information:
// BenchmarkDotNet v0.15.8
// Runtime=.NET 10.0.11 (10.0.11, 10.0.1126.37416), X64 RyuJIT x86-64-v3
// GC=Concurrent Workstation
// HardwareIntrinsics=AVX2+BMI1+BMI2+F16C+FMA+LZCNT+MOVBE,AVX,SSE3+SSSE3+SSE4.1+SSE4.2+POPCNT,X86Base+SSE+SSE2,AES+PCLMUL VectorSize=256
// Job: Job-JWQWGO(Toolchain=InProcessEmitToolchain)

OverheadJitting  1: 1 op, 523600.00 ns, 523.6000 us/op
WorkloadJitting  1: 1 op, 421900.00 ns, 421.9000 us/op

OverheadJitting  2: 16 op, 363200.00 ns, 22.7000 us/op
WorkloadJitting  2: 16 op, 425900.00 ns, 26.6188 us/op

WorkloadPilot    1: 16 op, 4500.00 ns, 281.2500 ns/op
WorkloadPilot    2: 32 op, 3300.00 ns, 103.1250 ns/op
WorkloadPilot    3: 64 op, 4300.00 ns, 67.1875 ns/op
WorkloadPilot    4: 128 op, 7300.00 ns, 57.0313 ns/op
WorkloadPilot    5: 256 op, 12800.00 ns, 50.0000 ns/op
WorkloadPilot    6: 512 op, 21500.00 ns, 41.9922 ns/op
WorkloadPilot    7: 1024 op, 50500.00 ns, 49.3164 ns/op
WorkloadPilot    8: 2048 op, 58800.00 ns, 28.7109 ns/op
WorkloadPilot    9: 4096 op, 125200.00 ns, 30.5664 ns/op
WorkloadPilot   10: 8192 op, 342500.00 ns, 41.8091 ns/op
WorkloadPilot   11: 16384 op, 466300.00 ns, 28.4607 ns/op
WorkloadPilot   12: 32768 op, 936000.00 ns, 28.5645 ns/op
WorkloadPilot   13: 65536 op, 1912000.00 ns, 29.1748 ns/op
WorkloadPilot   14: 131072 op, 5677200.00 ns, 43.3136 ns/op
WorkloadPilot   15: 262144 op, 9692600.00 ns, 36.9743 ns/op
WorkloadPilot   16: 524288 op, 19752200.00 ns, 37.6743 ns/op
WorkloadPilot   17: 1048576 op, 42732000.00 ns, 40.7524 ns/op
WorkloadPilot   18: 2097152 op, 85663200.00 ns, 40.8474 ns/op
WorkloadPilot   19: 4194304 op, 101571200.00 ns, 24.2165 ns/op
WorkloadPilot   20: 8388608 op, 174654600.00 ns, 20.8205 ns/op
WorkloadPilot   21: 16777216 op, 335343200.00 ns, 19.9880 ns/op
WorkloadPilot   22: 33554432 op, 708863800.00 ns, 21.1258 ns/op

OverheadWarmup   1: 33554432 op, 64080700.00 ns, 1.9098 ns/op
OverheadWarmup   2: 33554432 op, 68737100.00 ns, 2.0485 ns/op
OverheadWarmup   3: 33554432 op, 68329300.00 ns, 2.0364 ns/op
OverheadWarmup   4: 33554432 op, 64450600.00 ns, 1.9208 ns/op
OverheadWarmup   5: 33554432 op, 64665000.00 ns, 1.9272 ns/op
OverheadWarmup   6: 33554432 op, 61388400.00 ns, 1.8295 ns/op

OverheadActual   1: 33554432 op, 67186300.00 ns, 2.0023 ns/op
OverheadActual   2: 33554432 op, 60568000.00 ns, 1.8051 ns/op
OverheadActual   3: 33554432 op, 65846400.00 ns, 1.9624 ns/op
OverheadActual   4: 33554432 op, 60866700.00 ns, 1.8140 ns/op
OverheadActual   5: 33554432 op, 61858000.00 ns, 1.8435 ns/op
OverheadActual   6: 33554432 op, 64825900.00 ns, 1.9320 ns/op
OverheadActual   7: 33554432 op, 59616500.00 ns, 1.7767 ns/op
OverheadActual   8: 33554432 op, 57298600.00 ns, 1.7076 ns/op
OverheadActual   9: 33554432 op, 60696700.00 ns, 1.8089 ns/op
OverheadActual  10: 33554432 op, 58711300.00 ns, 1.7497 ns/op
OverheadActual  11: 33554432 op, 61347100.00 ns, 1.8283 ns/op
OverheadActual  12: 33554432 op, 61547700.00 ns, 1.8343 ns/op
OverheadActual  13: 33554432 op, 60881300.00 ns, 1.8144 ns/op
OverheadActual  14: 33554432 op, 53896500.00 ns, 1.6062 ns/op
OverheadActual  15: 33554432 op, 61852200.00 ns, 1.8433 ns/op
OverheadActual  16: 33554432 op, 68715400.00 ns, 2.0479 ns/op
OverheadActual  17: 33554432 op, 66033400.00 ns, 1.9679 ns/op
OverheadActual  18: 33554432 op, 67099800.00 ns, 1.9997 ns/op
OverheadActual  19: 33554432 op, 56887500.00 ns, 1.6954 ns/op
OverheadActual  20: 33554432 op, 62053300.00 ns, 1.8493 ns/op

WorkloadWarmup   1: 33554432 op, 698224500.00 ns, 20.8087 ns/op
WorkloadWarmup   2: 33554432 op, 683377200.00 ns, 20.3662 ns/op
WorkloadWarmup   3: 33554432 op, 677986600.00 ns, 20.2056 ns/op
WorkloadWarmup   4: 33554432 op, 699390300.00 ns, 20.8435 ns/op
WorkloadWarmup   5: 33554432 op, 672063300.00 ns, 20.0290 ns/op
WorkloadWarmup   6: 33554432 op, 724699200.00 ns, 21.5977 ns/op
WorkloadWarmup   7: 33554432 op, 706052500.00 ns, 21.0420 ns/op

WorkloadActual   1: 33554432 op, 668498600.00 ns, 19.9228 ns/op
WorkloadActual   2: 33554432 op, 706052100.00 ns, 21.0420 ns/op
WorkloadActual   3: 33554432 op, 745861500.00 ns, 22.2284 ns/op
WorkloadActual   4: 33554432 op, 658302100.00 ns, 19.6189 ns/op
WorkloadActual   5: 33554432 op, 704109200.00 ns, 20.9841 ns/op
WorkloadActual   6: 33554432 op, 704775700.00 ns, 21.0040 ns/op
WorkloadActual   7: 33554432 op, 665478700.00 ns, 19.8328 ns/op
WorkloadActual   8: 33554432 op, 764390400.00 ns, 22.7806 ns/op
WorkloadActual   9: 33554432 op, 711696400.00 ns, 21.2102 ns/op
WorkloadActual  10: 33554432 op, 718328700.00 ns, 21.4079 ns/op
WorkloadActual  11: 33554432 op, 698344200.00 ns, 20.8123 ns/op
WorkloadActual  12: 33554432 op, 722483400.00 ns, 21.5317 ns/op
WorkloadActual  13: 33554432 op, 810709500.00 ns, 24.1610 ns/op
WorkloadActual  14: 33554432 op, 706093300.00 ns, 21.0432 ns/op
WorkloadActual  15: 33554432 op, 673126200.00 ns, 20.0607 ns/op
WorkloadActual  16: 33554432 op, 812233900.00 ns, 24.2065 ns/op
WorkloadActual  17: 33554432 op, 682521600.00 ns, 20.3407 ns/op
WorkloadActual  18: 33554432 op, 668979500.00 ns, 19.9371 ns/op
WorkloadActual  19: 33554432 op, 715992500.00 ns, 21.3382 ns/op
WorkloadActual  20: 33554432 op, 723128600.00 ns, 21.5509 ns/op
WorkloadActual  21: 33554432 op, 663185300.00 ns, 19.7645 ns/op
WorkloadActual  22: 33554432 op, 708023600.00 ns, 21.1007 ns/op
WorkloadActual  23: 33554432 op, 712445500.00 ns, 21.2325 ns/op
WorkloadActual  24: 33554432 op, 671531500.00 ns, 20.0132 ns/op
WorkloadActual  25: 33554432 op, 737226000.00 ns, 21.9710 ns/op
WorkloadActual  26: 33554432 op, 720187800.00 ns, 21.4633 ns/op
WorkloadActual  27: 33554432 op, 682828300.00 ns, 20.3499 ns/op
WorkloadActual  28: 33554432 op, 683555800.00 ns, 20.3716 ns/op
WorkloadActual  29: 33554432 op, 707022900.00 ns, 21.0709 ns/op
WorkloadActual  30: 33554432 op, 676189100.00 ns, 20.1520 ns/op
WorkloadActual  31: 33554432 op, 788260100.00 ns, 23.4920 ns/op
WorkloadActual  32: 33554432 op, 671905000.00 ns, 20.0243 ns/op
WorkloadActual  33: 33554432 op, 692195600.00 ns, 20.6290 ns/op
WorkloadActual  34: 33554432 op, 718147400.00 ns, 21.4025 ns/op
WorkloadActual  35: 33554432 op, 663566600.00 ns, 19.7758 ns/op
WorkloadActual  36: 33554432 op, 702462700.00 ns, 20.9350 ns/op
WorkloadActual  37: 33554432 op, 729260800.00 ns, 21.7337 ns/op
WorkloadActual  38: 33554432 op, 673517200.00 ns, 20.0724 ns/op
WorkloadActual  39: 33554432 op, 714220600.00 ns, 21.2854 ns/op
WorkloadActual  40: 33554432 op, 704246300.00 ns, 20.9882 ns/op
WorkloadActual  41: 33554432 op, 661125900.00 ns, 19.7031 ns/op
WorkloadActual  42: 33554432 op, 710126000.00 ns, 21.1634 ns/op
WorkloadActual  43: 33554432 op, 723905600.00 ns, 21.5741 ns/op
WorkloadActual  44: 33554432 op, 666902200.00 ns, 19.8752 ns/op
WorkloadActual  45: 33554432 op, 685119000.00 ns, 20.4181 ns/op
WorkloadActual  46: 33554432 op, 706442900.00 ns, 21.0536 ns/op

WorkloadResult   1: 33554432 op, 607051200.00 ns, 18.0915 ns/op
WorkloadResult   2: 33554432 op, 644604700.00 ns, 19.2107 ns/op
WorkloadResult   3: 33554432 op, 684414100.00 ns, 20.3971 ns/op
WorkloadResult   4: 33554432 op, 596854700.00 ns, 17.7877 ns/op
WorkloadResult   5: 33554432 op, 642661800.00 ns, 19.1528 ns/op
WorkloadResult   6: 33554432 op, 643328300.00 ns, 19.1727 ns/op
WorkloadResult   7: 33554432 op, 604031300.00 ns, 18.0015 ns/op
WorkloadResult   8: 33554432 op, 702943000.00 ns, 20.9493 ns/op
WorkloadResult   9: 33554432 op, 650249000.00 ns, 19.3789 ns/op
WorkloadResult  10: 33554432 op, 656881300.00 ns, 19.5766 ns/op
WorkloadResult  11: 33554432 op, 636896800.00 ns, 18.9810 ns/op
WorkloadResult  12: 33554432 op, 661036000.00 ns, 19.7004 ns/op
WorkloadResult  13: 33554432 op, 644645900.00 ns, 19.2119 ns/op
WorkloadResult  14: 33554432 op, 611678800.00 ns, 18.2294 ns/op
WorkloadResult  15: 33554432 op, 621074200.00 ns, 18.5095 ns/op
WorkloadResult  16: 33554432 op, 607532100.00 ns, 18.1059 ns/op
WorkloadResult  17: 33554432 op, 654545100.00 ns, 19.5070 ns/op
WorkloadResult  18: 33554432 op, 661681200.00 ns, 19.7196 ns/op
WorkloadResult  19: 33554432 op, 601737900.00 ns, 17.9332 ns/op
WorkloadResult  20: 33554432 op, 646576200.00 ns, 19.2695 ns/op
WorkloadResult  21: 33554432 op, 650998100.00 ns, 19.4013 ns/op
WorkloadResult  22: 33554432 op, 610084100.00 ns, 18.1819 ns/op
WorkloadResult  23: 33554432 op, 675778600.00 ns, 20.1398 ns/op
WorkloadResult  24: 33554432 op, 658740400.00 ns, 19.6320 ns/op
WorkloadResult  25: 33554432 op, 621380900.00 ns, 18.5186 ns/op
WorkloadResult  26: 33554432 op, 622108400.00 ns, 18.5403 ns/op
WorkloadResult  27: 33554432 op, 645575500.00 ns, 19.2396 ns/op
WorkloadResult  28: 33554432 op, 614741700.00 ns, 18.3207 ns/op
WorkloadResult  29: 33554432 op, 610457600.00 ns, 18.1931 ns/op
WorkloadResult  30: 33554432 op, 630748200.00 ns, 18.7978 ns/op
WorkloadResult  31: 33554432 op, 656700000.00 ns, 19.5712 ns/op
WorkloadResult  32: 33554432 op, 602119200.00 ns, 17.9446 ns/op
WorkloadResult  33: 33554432 op, 641015300.00 ns, 19.1037 ns/op
WorkloadResult  34: 33554432 op, 667813400.00 ns, 19.9024 ns/op
WorkloadResult  35: 33554432 op, 612069800.00 ns, 18.2411 ns/op
WorkloadResult  36: 33554432 op, 652773200.00 ns, 19.4542 ns/op
WorkloadResult  37: 33554432 op, 642798900.00 ns, 19.1569 ns/op
WorkloadResult  38: 33554432 op, 599678500.00 ns, 17.8718 ns/op
WorkloadResult  39: 33554432 op, 648678600.00 ns, 19.3321 ns/op
WorkloadResult  40: 33554432 op, 662458200.00 ns, 19.7428 ns/op
WorkloadResult  41: 33554432 op, 605454800.00 ns, 18.0440 ns/op
WorkloadResult  42: 33554432 op, 623671600.00 ns, 18.5869 ns/op
WorkloadResult  43: 33554432 op, 644995500.00 ns, 19.2224 ns/op
// GC:  0 0 0 2688 33554432
// Threading:  0 0 33554432


Mean = 18.977 ns, StdErr = 0.115 ns (0.61%), N = 43, StdDev = 0.757 ns
Min = 17.788 ns, Q1 = 18.235 ns, Median = 19.157 ns, Q3 = 19.481 ns, Max = 20.949 ns
IQR = 1.245 ns, LowerFence = 16.367 ns, UpperFence = 21.348 ns
ConfidenceInterval = [18.569 ns; 19.386 ns] (CI 99.9%), Margin = 0.408 ns (2.15% of Mean)
Skewness = 0.25, Kurtosis = 2.39, MValue = 2.74

// ** Remained 5 (62.5%) benchmark(s) to run. Estimated finish 2026-08-31 19:29 (0h 5m from now) **
Setup power plan (GUID: 8c5e7fda-e8bf-4a96-9a85-a6e23a8c635c FriendlyName: High performance)
// **************************
// Benchmark: MemoryBaselines.MeasureSubTile_CurrentSize: InProcess(Toolchain=InProcessEmitToolchain)
// *** Execute ***
// Launch: 1 / 1

// Benchmark Process Environment Information:
// BenchmarkDotNet v0.15.8
// Runtime=.NET 10.0.11 (10.0.11, 10.0.1126.37416), X64 RyuJIT x86-64-v3
// GC=Concurrent Workstation
// HardwareIntrinsics=AVX2+BMI1+BMI2+F16C+FMA+LZCNT+MOVBE,AVX,SSE3+SSSE3+SSE4.1+SSE4.2+POPCNT,X86Base+SSE+SSE2,AES+PCLMUL VectorSize=256
// Job: Job-JWQWGO(Toolchain=InProcessEmitToolchain)

OverheadJitting  1: 1 op, 240200.00 ns, 240.2000 us/op
WorkloadJitting  1: 1 op, 373100.00 ns, 373.1000 us/op

OverheadJitting  2: 16 op, 416000.00 ns, 26.0000 us/op
WorkloadJitting  2: 16 op, 590900.00 ns, 36.9313 us/op

WorkloadPilot    1: 16 op, 3000.00 ns, 187.5000 ns/op
WorkloadPilot    2: 32 op, 2300.00 ns, 71.8750 ns/op
WorkloadPilot    3: 64 op, 3900.00 ns, 60.9375 ns/op
WorkloadPilot    4: 128 op, 6000.00 ns, 46.8750 ns/op
WorkloadPilot    5: 256 op, 13000.00 ns, 50.7813 ns/op
WorkloadPilot    6: 512 op, 21200.00 ns, 41.4063 ns/op
WorkloadPilot    7: 1024 op, 34100.00 ns, 33.3008 ns/op
WorkloadPilot    8: 2048 op, 59300.00 ns, 28.9551 ns/op
WorkloadPilot    9: 4096 op, 118200.00 ns, 28.8574 ns/op
WorkloadPilot   10: 8192 op, 234300.00 ns, 28.6011 ns/op
WorkloadPilot   11: 16384 op, 437800.00 ns, 26.7212 ns/op
WorkloadPilot   12: 32768 op, 995900.00 ns, 30.3925 ns/op
WorkloadPilot   13: 65536 op, 1825600.00 ns, 27.8564 ns/op
WorkloadPilot   14: 131072 op, 4453600.00 ns, 33.9783 ns/op
WorkloadPilot   15: 262144 op, 11259900.00 ns, 42.9531 ns/op
WorkloadPilot   16: 524288 op, 21226300.00 ns, 40.4860 ns/op
WorkloadPilot   17: 1048576 op, 38780500.00 ns, 36.9840 ns/op
WorkloadPilot   18: 2097152 op, 77483300.00 ns, 36.9469 ns/op
WorkloadPilot   19: 4194304 op, 118865300.00 ns, 28.3397 ns/op
WorkloadPilot   20: 8388608 op, 228718800.00 ns, 27.2654 ns/op
WorkloadPilot   21: 16777216 op, 466301800.00 ns, 27.7938 ns/op
WorkloadPilot   22: 33554432 op, 846267900.00 ns, 25.2207 ns/op

OverheadWarmup   1: 33554432 op, 61963800.00 ns, 1.8467 ns/op
OverheadWarmup   2: 33554432 op, 66602500.00 ns, 1.9849 ns/op
OverheadWarmup   3: 33554432 op, 64042000.00 ns, 1.9086 ns/op
OverheadWarmup   4: 33554432 op, 59385700.00 ns, 1.7698 ns/op
OverheadWarmup   5: 33554432 op, 67355700.00 ns, 2.0074 ns/op
OverheadWarmup   6: 33554432 op, 70561900.00 ns, 2.1029 ns/op
OverheadWarmup   7: 33554432 op, 62416700.00 ns, 1.8602 ns/op

OverheadActual   1: 33554432 op, 67100900.00 ns, 1.9998 ns/op
OverheadActual   2: 33554432 op, 71716900.00 ns, 2.1373 ns/op
OverheadActual   3: 33554432 op, 62042900.00 ns, 1.8490 ns/op
OverheadActual   4: 33554432 op, 59218100.00 ns, 1.7648 ns/op
OverheadActual   5: 33554432 op, 63313600.00 ns, 1.8869 ns/op
OverheadActual   6: 33554432 op, 73848300.00 ns, 2.2009 ns/op
OverheadActual   7: 33554432 op, 68944300.00 ns, 2.0547 ns/op
OverheadActual   8: 33554432 op, 57733800.00 ns, 1.7206 ns/op
OverheadActual   9: 33554432 op, 59484500.00 ns, 1.7728 ns/op
OverheadActual  10: 33554432 op, 56641900.00 ns, 1.6881 ns/op
OverheadActual  11: 33554432 op, 59582000.00 ns, 1.7757 ns/op
OverheadActual  12: 33554432 op, 58059800.00 ns, 1.7303 ns/op
OverheadActual  13: 33554432 op, 58261100.00 ns, 1.7363 ns/op
OverheadActual  14: 33554432 op, 56386000.00 ns, 1.6804 ns/op
OverheadActual  15: 33554432 op, 57586500.00 ns, 1.7162 ns/op
OverheadActual  16: 33554432 op, 59061900.00 ns, 1.7602 ns/op
OverheadActual  17: 33554432 op, 58118700.00 ns, 1.7321 ns/op
OverheadActual  18: 33554432 op, 62408600.00 ns, 1.8599 ns/op
OverheadActual  19: 33554432 op, 59292600.00 ns, 1.7671 ns/op
OverheadActual  20: 33554432 op, 59022100.00 ns, 1.7590 ns/op

WorkloadWarmup   1: 33554432 op, 664624700.00 ns, 19.8074 ns/op
WorkloadWarmup   2: 33554432 op, 733921500.00 ns, 21.8726 ns/op
WorkloadWarmup   3: 33554432 op, 657107200.00 ns, 19.5833 ns/op
WorkloadWarmup   4: 33554432 op, 643116300.00 ns, 19.1664 ns/op
WorkloadWarmup   5: 33554432 op, 703389700.00 ns, 20.9626 ns/op
WorkloadWarmup   6: 33554432 op, 660399900.00 ns, 19.6815 ns/op

WorkloadActual   1: 33554432 op, 694093500.00 ns, 20.6856 ns/op
WorkloadActual   2: 33554432 op, 737865800.00 ns, 21.9901 ns/op
WorkloadActual   3: 33554432 op, 674337100.00 ns, 20.0968 ns/op
WorkloadActual   4: 33554432 op, 731123100.00 ns, 21.7892 ns/op
WorkloadActual   5: 33554432 op, 717578600.00 ns, 21.3855 ns/op
WorkloadActual   6: 33554432 op, 645344700.00 ns, 19.2328 ns/op
WorkloadActual   7: 33554432 op, 678760600.00 ns, 20.2286 ns/op
WorkloadActual   8: 33554432 op, 720400400.00 ns, 21.4696 ns/op
WorkloadActual   9: 33554432 op, 654996200.00 ns, 19.5204 ns/op
WorkloadActual  10: 33554432 op, 672097500.00 ns, 20.0301 ns/op
WorkloadActual  11: 33554432 op, 726424100.00 ns, 21.6491 ns/op
WorkloadActual  12: 33554432 op, 653187100.00 ns, 19.4665 ns/op
WorkloadActual  13: 33554432 op, 699962000.00 ns, 20.8605 ns/op
WorkloadActual  14: 33554432 op, 731918000.00 ns, 21.8129 ns/op
WorkloadActual  15: 33554432 op, 741726900.00 ns, 22.1052 ns/op
WorkloadActual  16: 33554432 op, 709719400.00 ns, 21.1513 ns/op
WorkloadActual  17: 33554432 op, 702827900.00 ns, 20.9459 ns/op
WorkloadActual  18: 33554432 op, 854219200.00 ns, 25.4577 ns/op
WorkloadActual  19: 33554432 op, 826398500.00 ns, 24.6286 ns/op
WorkloadActual  20: 33554432 op, 719818500.00 ns, 21.4523 ns/op
WorkloadActual  21: 33554432 op, 715670200.00 ns, 21.3286 ns/op
WorkloadActual  22: 33554432 op, 742070500.00 ns, 22.1154 ns/op
WorkloadActual  23: 33554432 op, 697608600.00 ns, 20.7904 ns/op
WorkloadActual  24: 33554432 op, 800447800.00 ns, 23.8552 ns/op
WorkloadActual  25: 33554432 op, 699446400.00 ns, 20.8451 ns/op
WorkloadActual  26: 33554432 op, 690728000.00 ns, 20.5853 ns/op
WorkloadActual  27: 33554432 op, 858414900.00 ns, 25.5828 ns/op
WorkloadActual  28: 33554432 op, 680387200.00 ns, 20.2771 ns/op
WorkloadActual  29: 33554432 op, 727575900.00 ns, 21.6835 ns/op
WorkloadActual  30: 33554432 op, 766051400.00 ns, 22.8301 ns/op
WorkloadActual  31: 33554432 op, 679899400.00 ns, 20.2626 ns/op
WorkloadActual  32: 33554432 op, 729095400.00 ns, 21.7287 ns/op
WorkloadActual  33: 33554432 op, 736059000.00 ns, 21.9363 ns/op
WorkloadActual  34: 33554432 op, 675851200.00 ns, 20.1419 ns/op
WorkloadActual  35: 33554432 op, 736489300.00 ns, 21.9491 ns/op
WorkloadActual  36: 33554432 op, 700241300.00 ns, 20.8688 ns/op
WorkloadActual  37: 33554432 op, 686873600.00 ns, 20.4704 ns/op
WorkloadActual  38: 33554432 op, 731054400.00 ns, 21.7871 ns/op
WorkloadActual  39: 33554432 op, 737590600.00 ns, 21.9819 ns/op
WorkloadActual  40: 33554432 op, 690730800.00 ns, 20.5854 ns/op
WorkloadActual  41: 33554432 op, 730972100.00 ns, 21.7847 ns/op
WorkloadActual  42: 33554432 op, 759300800.00 ns, 22.6289 ns/op
WorkloadActual  43: 33554432 op, 734011200.00 ns, 21.8752 ns/op
WorkloadActual  44: 33554432 op, 715595200.00 ns, 21.3264 ns/op
WorkloadActual  45: 33554432 op, 729266000.00 ns, 21.7338 ns/op
WorkloadActual  46: 33554432 op, 695878000.00 ns, 20.7388 ns/op
WorkloadActual  47: 33554432 op, 716032600.00 ns, 21.3394 ns/op
WorkloadActual  48: 33554432 op, 686396200.00 ns, 20.4562 ns/op
WorkloadActual  49: 33554432 op, 690435200.00 ns, 20.5766 ns/op
WorkloadActual  50: 33554432 op, 733393700.00 ns, 21.8568 ns/op
WorkloadActual  51: 33554432 op, 696911000.00 ns, 20.7696 ns/op
WorkloadActual  52: 33554432 op, 714921300.00 ns, 21.3063 ns/op

WorkloadResult   1: 33554432 op, 634838150.00 ns, 18.9197 ns/op
WorkloadResult   2: 33554432 op, 678610450.00 ns, 20.2242 ns/op
WorkloadResult   3: 33554432 op, 615081750.00 ns, 18.3309 ns/op
WorkloadResult   4: 33554432 op, 671867750.00 ns, 20.0232 ns/op
WorkloadResult   5: 33554432 op, 658323250.00 ns, 19.6196 ns/op
WorkloadResult   6: 33554432 op, 586089350.00 ns, 17.4668 ns/op
WorkloadResult   7: 33554432 op, 619505250.00 ns, 18.4627 ns/op
WorkloadResult   8: 33554432 op, 661145050.00 ns, 19.7037 ns/op
WorkloadResult   9: 33554432 op, 595740850.00 ns, 17.7545 ns/op
WorkloadResult  10: 33554432 op, 612842150.00 ns, 18.2641 ns/op
WorkloadResult  11: 33554432 op, 667168750.00 ns, 19.8832 ns/op
WorkloadResult  12: 33554432 op, 593931750.00 ns, 17.7005 ns/op
WorkloadResult  13: 33554432 op, 640706650.00 ns, 19.0945 ns/op
WorkloadResult  14: 33554432 op, 672662650.00 ns, 20.0469 ns/op
WorkloadResult  15: 33554432 op, 682471550.00 ns, 20.3392 ns/op
WorkloadResult  16: 33554432 op, 650464050.00 ns, 19.3853 ns/op
WorkloadResult  17: 33554432 op, 643572550.00 ns, 19.1800 ns/op
WorkloadResult  18: 33554432 op, 660563150.00 ns, 19.6863 ns/op
WorkloadResult  19: 33554432 op, 656414850.00 ns, 19.5627 ns/op
WorkloadResult  20: 33554432 op, 682815150.00 ns, 20.3495 ns/op
WorkloadResult  21: 33554432 op, 638353250.00 ns, 19.0244 ns/op
WorkloadResult  22: 33554432 op, 640191050.00 ns, 19.0792 ns/op
WorkloadResult  23: 33554432 op, 631472650.00 ns, 18.8194 ns/op
WorkloadResult  24: 33554432 op, 621131850.00 ns, 18.5112 ns/op
WorkloadResult  25: 33554432 op, 668320550.00 ns, 19.9175 ns/op
WorkloadResult  26: 33554432 op, 706796050.00 ns, 21.0642 ns/op
WorkloadResult  27: 33554432 op, 620644050.00 ns, 18.4966 ns/op
WorkloadResult  28: 33554432 op, 669840050.00 ns, 19.9628 ns/op
WorkloadResult  29: 33554432 op, 676803650.00 ns, 20.1703 ns/op
WorkloadResult  30: 33554432 op, 616595850.00 ns, 18.3760 ns/op
WorkloadResult  31: 33554432 op, 677233950.00 ns, 20.1831 ns/op
WorkloadResult  32: 33554432 op, 640985950.00 ns, 19.1029 ns/op
WorkloadResult  33: 33554432 op, 627618250.00 ns, 18.7045 ns/op
WorkloadResult  34: 33554432 op, 671799050.00 ns, 20.0212 ns/op
WorkloadResult  35: 33554432 op, 678335250.00 ns, 20.2160 ns/op
WorkloadResult  36: 33554432 op, 631475450.00 ns, 18.8194 ns/op
WorkloadResult  37: 33554432 op, 671716750.00 ns, 20.0187 ns/op
WorkloadResult  38: 33554432 op, 700045450.00 ns, 20.8630 ns/op
WorkloadResult  39: 33554432 op, 674755850.00 ns, 20.1093 ns/op
WorkloadResult  40: 33554432 op, 656339850.00 ns, 19.5605 ns/op
WorkloadResult  41: 33554432 op, 670010650.00 ns, 19.9679 ns/op
WorkloadResult  42: 33554432 op, 636622650.00 ns, 18.9728 ns/op
WorkloadResult  43: 33554432 op, 656777250.00 ns, 19.5735 ns/op
WorkloadResult  44: 33554432 op, 627140850.00 ns, 18.6903 ns/op
WorkloadResult  45: 33554432 op, 631179850.00 ns, 18.8106 ns/op
WorkloadResult  46: 33554432 op, 674138350.00 ns, 20.0909 ns/op
WorkloadResult  47: 33554432 op, 637655650.00 ns, 19.0036 ns/op
WorkloadResult  48: 33554432 op, 655665950.00 ns, 19.5404 ns/op
// GC:  0 0 0 2976 33554432
// Threading:  0 0 33554432


Mean = 19.368 ns, StdErr = 0.118 ns (0.61%), N = 48, StdDev = 0.820 ns
Min = 17.467 ns, Q1 = 18.817 ns, Median = 19.550 ns, Q3 = 20.022 ns, Max = 21.064 ns
IQR = 1.205 ns, LowerFence = 17.010 ns, UpperFence = 21.828 ns
ConfidenceInterval = [18.953 ns; 19.783 ns] (CI 99.9%), Margin = 0.415 ns (2.14% of Mean)
Skewness = -0.28, Kurtosis = 2.43, MValue = 2

// ** Remained 4 (50.0%) benchmark(s) to run. Estimated finish 2026-08-31 19:28 (0h 4m from now) **
Setup power plan (GUID: 8c5e7fda-e8bf-4a96-9a85-a6e23a8c635c FriendlyName: High performance)
// **************************
// Benchmark: MemoryBaselines.AllocateTileChunk_Legacy: InProcess(Toolchain=InProcessEmitToolchain)
// *** Execute ***
// Launch: 1 / 1

// Benchmark Process Environment Information:
// BenchmarkDotNet v0.15.8
// Runtime=.NET 10.0.11 (10.0.11, 10.0.1126.37416), X64 RyuJIT x86-64-v3
// GC=Concurrent Workstation
// HardwareIntrinsics=AVX2+BMI1+BMI2+F16C+FMA+LZCNT+MOVBE,AVX,SSE3+SSSE3+SSE4.1+SSE4.2+POPCNT,X86Base+SSE+SSE2,AES+PCLMUL VectorSize=256
// Job: Job-JWQWGO(Toolchain=InProcessEmitToolchain)

OverheadJitting  1: 1 op, 243100.00 ns, 243.1000 us/op
WorkloadJitting  1: 1 op, 316100.00 ns, 316.1000 us/op

OverheadJitting  2: 16 op, 561300.00 ns, 35.0813 us/op
WorkloadJitting  2: 16 op, 1049400.00 ns, 65.5875 us/op

WorkloadPilot    1: 16 op, 286800.00 ns, 17.9250 us/op
WorkloadPilot    2: 32 op, 635900.00 ns, 19.8719 us/op
WorkloadPilot    3: 64 op, 1126900.00 ns, 17.6078 us/op
WorkloadPilot    4: 128 op, 2191100.00 ns, 17.1180 us/op
WorkloadPilot    5: 256 op, 4570500.00 ns, 17.8535 us/op
WorkloadPilot    6: 512 op, 9493800.00 ns, 18.5426 us/op
WorkloadPilot    7: 1024 op, 24963400.00 ns, 24.3783 us/op
WorkloadPilot    8: 2048 op, 49191800.00 ns, 24.0194 us/op
WorkloadPilot    9: 4096 op, 94987000.00 ns, 23.1902 us/op
WorkloadPilot   10: 8192 op, 155911300.00 ns, 19.0321 us/op
WorkloadPilot   11: 16384 op, 301259000.00 ns, 18.3874 us/op
WorkloadPilot   12: 32768 op, 620873800.00 ns, 18.9476 us/op

OverheadWarmup   1: 32768 op, 158100.00 ns, 4.8248 ns/op
OverheadWarmup   2: 32768 op, 146100.00 ns, 4.4586 ns/op
OverheadWarmup   3: 32768 op, 115800.00 ns, 3.5339 ns/op
OverheadWarmup   4: 32768 op, 111000.00 ns, 3.3875 ns/op
OverheadWarmup   5: 32768 op, 120600.00 ns, 3.6804 ns/op
OverheadWarmup   6: 32768 op, 156000.00 ns, 4.7607 ns/op
OverheadWarmup   7: 32768 op, 155800.00 ns, 4.7546 ns/op
OverheadWarmup   8: 32768 op, 155300.00 ns, 4.7394 ns/op
OverheadWarmup   9: 32768 op, 113900.00 ns, 3.4760 ns/op
OverheadWarmup  10: 32768 op, 156300.00 ns, 4.7699 ns/op

OverheadActual   1: 32768 op, 102800.00 ns, 3.1372 ns/op
OverheadActual   2: 32768 op, 151600.00 ns, 4.6265 ns/op
OverheadActual   3: 32768 op, 149100.00 ns, 4.5502 ns/op
OverheadActual   4: 32768 op, 144000.00 ns, 4.3945 ns/op
OverheadActual   5: 32768 op, 128800.00 ns, 3.9307 ns/op
OverheadActual   6: 32768 op, 143200.00 ns, 4.3701 ns/op
OverheadActual   7: 32768 op, 109400.00 ns, 3.3386 ns/op
OverheadActual   8: 32768 op, 175300.00 ns, 5.3497 ns/op
OverheadActual   9: 32768 op, 180000.00 ns, 5.4932 ns/op
OverheadActual  10: 32768 op, 105200.00 ns, 3.2104 ns/op
OverheadActual  11: 32768 op, 178800.00 ns, 5.4565 ns/op
OverheadActual  12: 32768 op, 106900.00 ns, 3.2623 ns/op
OverheadActual  13: 32768 op, 146400.00 ns, 4.4678 ns/op
OverheadActual  14: 32768 op, 128500.00 ns, 3.9215 ns/op
OverheadActual  15: 32768 op, 151100.00 ns, 4.6112 ns/op
OverheadActual  16: 32768 op, 112300.00 ns, 3.4271 ns/op
OverheadActual  17: 32768 op, 152600.00 ns, 4.6570 ns/op
OverheadActual  18: 32768 op, 113400.00 ns, 3.4607 ns/op
OverheadActual  19: 32768 op, 112400.00 ns, 3.4302 ns/op
OverheadActual  20: 32768 op, 127000.00 ns, 3.8757 ns/op

WorkloadWarmup   1: 32768 op, 625488700.00 ns, 19.0884 us/op
WorkloadWarmup   2: 32768 op, 633329200.00 ns, 19.3277 us/op
WorkloadWarmup   3: 32768 op, 603723300.00 ns, 18.4242 us/op
WorkloadWarmup   4: 32768 op, 628060900.00 ns, 19.1669 us/op
WorkloadWarmup   5: 32768 op, 620541600.00 ns, 18.9374 us/op
WorkloadWarmup   6: 32768 op, 594117100.00 ns, 18.1310 us/op

WorkloadActual   1: 32768 op, 612096300.00 ns, 18.6797 us/op
WorkloadActual   2: 32768 op, 597405000.00 ns, 18.2314 us/op
WorkloadActual   3: 32768 op, 614233000.00 ns, 18.7449 us/op
WorkloadActual   4: 32768 op, 605162200.00 ns, 18.4681 us/op
WorkloadActual   5: 32768 op, 603572500.00 ns, 18.4196 us/op
WorkloadActual   6: 32768 op, 600771300.00 ns, 18.3341 us/op
WorkloadActual   7: 32768 op, 630645400.00 ns, 19.2458 us/op
WorkloadActual   8: 32768 op, 625546900.00 ns, 19.0902 us/op
WorkloadActual   9: 32768 op, 585412800.00 ns, 17.8654 us/op
WorkloadActual  10: 32768 op, 574338100.00 ns, 17.5274 us/op
WorkloadActual  11: 32768 op, 629294700.00 ns, 19.2046 us/op
WorkloadActual  12: 32768 op, 587965600.00 ns, 17.9433 us/op
WorkloadActual  13: 32768 op, 600544700.00 ns, 18.3272 us/op
WorkloadActual  14: 32768 op, 622940200.00 ns, 19.0106 us/op
WorkloadActual  15: 32768 op, 693560500.00 ns, 21.1658 us/op
WorkloadActual  16: 32768 op, 765489600.00 ns, 23.3609 us/op
WorkloadActual  17: 32768 op, 705685100.00 ns, 21.5358 us/op
WorkloadActual  18: 32768 op, 719528000.00 ns, 21.9583 us/op
WorkloadActual  19: 32768 op, 660274500.00 ns, 20.1500 us/op
WorkloadActual  20: 32768 op, 711049500.00 ns, 21.6995 us/op
WorkloadActual  21: 32768 op, 681420200.00 ns, 20.7953 us/op
WorkloadActual  22: 32768 op, 715037900.00 ns, 21.8212 us/op
WorkloadActual  23: 32768 op, 748109500.00 ns, 22.8305 us/op
WorkloadActual  24: 32768 op, 618713500.00 ns, 18.8816 us/op
WorkloadActual  25: 32768 op, 588486200.00 ns, 17.9592 us/op
WorkloadActual  26: 32768 op, 611449700.00 ns, 18.6600 us/op
WorkloadActual  27: 32768 op, 595047900.00 ns, 18.1594 us/op
WorkloadActual  28: 32768 op, 620875600.00 ns, 18.9476 us/op
WorkloadActual  29: 32768 op, 629582200.00 ns, 19.2133 us/op
WorkloadActual  30: 32768 op, 623618400.00 ns, 19.0313 us/op
WorkloadActual  31: 32768 op, 621581900.00 ns, 18.9692 us/op
WorkloadActual  32: 32768 op, 590822900.00 ns, 18.0305 us/op
WorkloadActual  33: 32768 op, 680006600.00 ns, 20.7522 us/op
WorkloadActual  34: 32768 op, 577443200.00 ns, 17.6222 us/op
WorkloadActual  35: 32768 op, 574597400.00 ns, 17.5353 us/op
WorkloadActual  36: 32768 op, 649542800.00 ns, 19.8225 us/op
WorkloadActual  37: 32768 op, 589197500.00 ns, 17.9809 us/op
WorkloadActual  38: 32768 op, 616475400.00 ns, 18.8133 us/op
WorkloadActual  39: 32768 op, 629273000.00 ns, 19.2039 us/op
WorkloadActual  40: 32768 op, 608286800.00 ns, 18.5634 us/op
WorkloadActual  41: 32768 op, 605954300.00 ns, 18.4923 us/op
WorkloadActual  42: 32768 op, 614215500.00 ns, 18.7444 us/op
WorkloadActual  43: 32768 op, 601760100.00 ns, 18.3643 us/op
WorkloadActual  44: 32768 op, 679710500.00 ns, 20.7431 us/op
WorkloadActual  45: 32768 op, 608390400.00 ns, 18.5666 us/op
WorkloadActual  46: 32768 op, 666755700.00 ns, 20.3478 us/op
WorkloadActual  47: 32768 op, 700478300.00 ns, 21.3769 us/op
WorkloadActual  48: 32768 op, 593337600.00 ns, 18.1072 us/op
WorkloadActual  49: 32768 op, 619266400.00 ns, 18.8985 us/op
WorkloadActual  50: 32768 op, 600470400.00 ns, 18.3249 us/op
WorkloadActual  51: 32768 op, 597222300.00 ns, 18.2258 us/op
WorkloadActual  52: 32768 op, 626183000.00 ns, 19.1096 us/op
WorkloadActual  53: 32768 op, 622166700.00 ns, 18.9870 us/op
WorkloadActual  54: 32768 op, 582681600.00 ns, 17.7820 us/op
WorkloadActual  55: 32768 op, 636720100.00 ns, 19.4312 us/op
WorkloadActual  56: 32768 op, 612519700.00 ns, 18.6926 us/op
WorkloadActual  57: 32768 op, 574225300.00 ns, 17.5240 us/op
WorkloadActual  58: 32768 op, 554926100.00 ns, 16.9350 us/op
WorkloadActual  59: 32768 op, 617912100.00 ns, 18.8572 us/op
WorkloadActual  60: 32768 op, 567448400.00 ns, 17.3172 us/op
WorkloadActual  61: 32768 op, 588602800.00 ns, 17.9627 us/op
WorkloadActual  62: 32768 op, 588671300.00 ns, 17.9648 us/op
WorkloadActual  63: 32768 op, 613957100.00 ns, 18.7365 us/op
WorkloadActual  64: 32768 op, 578184900.00 ns, 17.6448 us/op
WorkloadActual  65: 32768 op, 559666500.00 ns, 17.0797 us/op
WorkloadActual  66: 32768 op, 639075100.00 ns, 19.5030 us/op
WorkloadActual  67: 32768 op, 616923000.00 ns, 18.8270 us/op
WorkloadActual  68: 32768 op, 570267100.00 ns, 17.4032 us/op
WorkloadActual  69: 32768 op, 641038200.00 ns, 19.5629 us/op
WorkloadActual  70: 32768 op, 577174700.00 ns, 17.6140 us/op
WorkloadActual  71: 32768 op, 570735000.00 ns, 17.4174 us/op
WorkloadActual  72: 32768 op, 570081500.00 ns, 17.3975 us/op
WorkloadActual  73: 32768 op, 644915400.00 ns, 19.6813 us/op
WorkloadActual  74: 32768 op, 559413800.00 ns, 17.0720 us/op
WorkloadActual  75: 32768 op, 552618000.00 ns, 16.8646 us/op
WorkloadActual  76: 32768 op, 634637400.00 ns, 19.3676 us/op
WorkloadActual  77: 32768 op, 621703100.00 ns, 18.9729 us/op
WorkloadActual  78: 32768 op, 590716500.00 ns, 18.0272 us/op
WorkloadActual  79: 32768 op, 596999300.00 ns, 18.2190 us/op

WorkloadResult   1: 32768 op, 611960300.00 ns, 18.6755 us/op
WorkloadResult   2: 32768 op, 597269000.00 ns, 18.2272 us/op
WorkloadResult   3: 32768 op, 614097000.00 ns, 18.7408 us/op
WorkloadResult   4: 32768 op, 605026200.00 ns, 18.4639 us/op
WorkloadResult   5: 32768 op, 603436500.00 ns, 18.4154 us/op
WorkloadResult   6: 32768 op, 600635300.00 ns, 18.3299 us/op
WorkloadResult   7: 32768 op, 630509400.00 ns, 19.2416 us/op
WorkloadResult   8: 32768 op, 625410900.00 ns, 19.0860 us/op
WorkloadResult   9: 32768 op, 585276800.00 ns, 17.8612 us/op
WorkloadResult  10: 32768 op, 574202100.00 ns, 17.5233 us/op
WorkloadResult  11: 32768 op, 629158700.00 ns, 19.2004 us/op
WorkloadResult  12: 32768 op, 587829600.00 ns, 17.9391 us/op
WorkloadResult  13: 32768 op, 600408700.00 ns, 18.3230 us/op
WorkloadResult  14: 32768 op, 622804200.00 ns, 19.0065 us/op
WorkloadResult  15: 32768 op, 660138500.00 ns, 20.1458 us/op
WorkloadResult  16: 32768 op, 681284200.00 ns, 20.7911 us/op
WorkloadResult  17: 32768 op, 618577500.00 ns, 18.8775 us/op
WorkloadResult  18: 32768 op, 588350200.00 ns, 17.9550 us/op
WorkloadResult  19: 32768 op, 611313700.00 ns, 18.6558 us/op
WorkloadResult  20: 32768 op, 594911900.00 ns, 18.1553 us/op
WorkloadResult  21: 32768 op, 620739600.00 ns, 18.9435 us/op
WorkloadResult  22: 32768 op, 629446200.00 ns, 19.2092 us/op
WorkloadResult  23: 32768 op, 623482400.00 ns, 19.0272 us/op
WorkloadResult  24: 32768 op, 621445900.00 ns, 18.9650 us/op
WorkloadResult  25: 32768 op, 590686900.00 ns, 18.0263 us/op
WorkloadResult  26: 32768 op, 679870600.00 ns, 20.7480 us/op
WorkloadResult  27: 32768 op, 577307200.00 ns, 17.6180 us/op
WorkloadResult  28: 32768 op, 574461400.00 ns, 17.5312 us/op
WorkloadResult  29: 32768 op, 649406800.00 ns, 19.8183 us/op
WorkloadResult  30: 32768 op, 589061500.00 ns, 17.9767 us/op
WorkloadResult  31: 32768 op, 616339400.00 ns, 18.8092 us/op
WorkloadResult  32: 32768 op, 629137000.00 ns, 19.1997 us/op
WorkloadResult  33: 32768 op, 608150800.00 ns, 18.5593 us/op
WorkloadResult  34: 32768 op, 605818300.00 ns, 18.4881 us/op
WorkloadResult  35: 32768 op, 614079500.00 ns, 18.7402 us/op
WorkloadResult  36: 32768 op, 601624100.00 ns, 18.3601 us/op
WorkloadResult  37: 32768 op, 679574500.00 ns, 20.7390 us/op
WorkloadResult  38: 32768 op, 608254400.00 ns, 18.5625 us/op
WorkloadResult  39: 32768 op, 666619700.00 ns, 20.3436 us/op
WorkloadResult  40: 32768 op, 593201600.00 ns, 18.1031 us/op
WorkloadResult  41: 32768 op, 619130400.00 ns, 18.8944 us/op
WorkloadResult  42: 32768 op, 600334400.00 ns, 18.3208 us/op
WorkloadResult  43: 32768 op, 597086300.00 ns, 18.2216 us/op
WorkloadResult  44: 32768 op, 626047000.00 ns, 19.1054 us/op
WorkloadResult  45: 32768 op, 622030700.00 ns, 18.9829 us/op
WorkloadResult  46: 32768 op, 582545600.00 ns, 17.7779 us/op
WorkloadResult  47: 32768 op, 636584100.00 ns, 19.4270 us/op
WorkloadResult  48: 32768 op, 612383700.00 ns, 18.6885 us/op
WorkloadResult  49: 32768 op, 574089300.00 ns, 17.5198 us/op
WorkloadResult  50: 32768 op, 554790100.00 ns, 16.9309 us/op
WorkloadResult  51: 32768 op, 617776100.00 ns, 18.8530 us/op
WorkloadResult  52: 32768 op, 567312400.00 ns, 17.3130 us/op
WorkloadResult  53: 32768 op, 588466800.00 ns, 17.9586 us/op
WorkloadResult  54: 32768 op, 588535300.00 ns, 17.9607 us/op
WorkloadResult  55: 32768 op, 613821100.00 ns, 18.7323 us/op
WorkloadResult  56: 32768 op, 578048900.00 ns, 17.6407 us/op
WorkloadResult  57: 32768 op, 559530500.00 ns, 17.0755 us/op
WorkloadResult  58: 32768 op, 638939100.00 ns, 19.4989 us/op
WorkloadResult  59: 32768 op, 616787000.00 ns, 18.8228 us/op
WorkloadResult  60: 32768 op, 570131100.00 ns, 17.3990 us/op
WorkloadResult  61: 32768 op, 640902200.00 ns, 19.5588 us/op
WorkloadResult  62: 32768 op, 577038700.00 ns, 17.6098 us/op
WorkloadResult  63: 32768 op, 570599000.00 ns, 17.4133 us/op
WorkloadResult  64: 32768 op, 569945500.00 ns, 17.3934 us/op
WorkloadResult  65: 32768 op, 644779400.00 ns, 19.6771 us/op
WorkloadResult  66: 32768 op, 559277800.00 ns, 17.0678 us/op
WorkloadResult  67: 32768 op, 552482000.00 ns, 16.8604 us/op
WorkloadResult  68: 32768 op, 634501400.00 ns, 19.3634 us/op
WorkloadResult  69: 32768 op, 621567100.00 ns, 18.9687 us/op
WorkloadResult  70: 32768 op, 590580500.00 ns, 18.0231 us/op
WorkloadResult  71: 32768 op, 596863300.00 ns, 18.2148 us/op
// GC:  2520 2520 2520 8061307968 32768
// Threading:  0 0 32768


Mean = 18.544 μs, StdErr = 0.106 μs (0.57%), N = 71, StdDev = 0.895 μs
Min = 16.860 μs, Q1 = 17.957 μs, Median = 18.559 μs, Q3 = 19.017 μs, Max = 20.791 μs
IQR = 1.060 μs, LowerFence = 16.367 μs, UpperFence = 20.607 μs
ConfidenceInterval = [18.180 μs; 18.909 μs] (CI 99.9%), Margin = 0.365 μs (1.97% of Mean)
Skewness = 0.43, Kurtosis = 2.99, MValue = 2

// ** Remained 3 (37.5%) benchmark(s) to run. Estimated finish 2026-08-31 19:28 (0h 2m from now) **
Setup power plan (GUID: 8c5e7fda-e8bf-4a96-9a85-a6e23a8c635c FriendlyName: High performance)
// **************************
// Benchmark: MemoryBaselines.AllocateTileChunk_Current: InProcess(Toolchain=InProcessEmitToolchain)
// *** Execute ***
// Launch: 1 / 1

// Benchmark Process Environment Information:
// BenchmarkDotNet v0.15.8
// Runtime=.NET 10.0.11 (10.0.11, 10.0.1126.37416), X64 RyuJIT x86-64-v3
// GC=Concurrent Workstation
// HardwareIntrinsics=AVX2+BMI1+BMI2+F16C+FMA+LZCNT+MOVBE,AVX,SSE3+SSSE3+SSE4.1+SSE4.2+POPCNT,X86Base+SSE+SSE2,AES+PCLMUL VectorSize=256
// Job: Job-JWQWGO(Toolchain=InProcessEmitToolchain)

OverheadJitting  1: 1 op, 222000.00 ns, 222.0000 us/op
WorkloadJitting  1: 1 op, 352800.00 ns, 352.8000 us/op

OverheadJitting  2: 16 op, 703900.00 ns, 43.9938 us/op
WorkloadJitting  2: 16 op, 705300.00 ns, 44.0813 us/op

WorkloadPilot    1: 16 op, 61100.00 ns, 3.8188 us/op
WorkloadPilot    2: 32 op, 398300.00 ns, 12.4469 us/op
WorkloadPilot    3: 64 op, 908600.00 ns, 14.1969 us/op
WorkloadPilot    4: 128 op, 1750500.00 ns, 13.6758 us/op
WorkloadPilot    5: 256 op, 4034500.00 ns, 15.7598 us/op
WorkloadPilot    6: 512 op, 7733700.00 ns, 15.1049 us/op
WorkloadPilot    7: 1024 op, 15505200.00 ns, 15.1418 us/op
WorkloadPilot    8: 2048 op, 24923800.00 ns, 12.1698 us/op
WorkloadPilot    9: 4096 op, 61212900.00 ns, 14.9446 us/op
WorkloadPilot   10: 8192 op, 101994900.00 ns, 12.4505 us/op
WorkloadPilot   11: 16384 op, 195152700.00 ns, 11.9112 us/op
WorkloadPilot   12: 32768 op, 341024700.00 ns, 10.4072 us/op
WorkloadPilot   13: 65536 op, 759772500.00 ns, 11.5932 us/op

OverheadWarmup   1: 65536 op, 247900.00 ns, 3.7827 ns/op
OverheadWarmup   2: 65536 op, 237900.00 ns, 3.6301 ns/op
OverheadWarmup   3: 65536 op, 304100.00 ns, 4.6402 ns/op
OverheadWarmup   4: 65536 op, 249600.00 ns, 3.8086 ns/op
OverheadWarmup   5: 65536 op, 234200.00 ns, 3.5736 ns/op
OverheadWarmup   6: 65536 op, 253400.00 ns, 3.8666 ns/op
OverheadWarmup   7: 65536 op, 264200.00 ns, 4.0314 ns/op
OverheadWarmup   8: 65536 op, 299100.00 ns, 4.5639 ns/op
OverheadWarmup   9: 65536 op, 269600.00 ns, 4.1138 ns/op

OverheadActual   1: 65536 op, 256000.00 ns, 3.9063 ns/op
OverheadActual   2: 65536 op, 254300.00 ns, 3.8803 ns/op
OverheadActual   3: 65536 op, 274800.00 ns, 4.1931 ns/op
OverheadActual   4: 65536 op, 218000.00 ns, 3.3264 ns/op
OverheadActual   5: 65536 op, 216700.00 ns, 3.3066 ns/op
OverheadActual   6: 65536 op, 213100.00 ns, 3.2516 ns/op
OverheadActual   7: 65536 op, 228100.00 ns, 3.4805 ns/op
OverheadActual   8: 65536 op, 345500.00 ns, 5.2719 ns/op
OverheadActual   9: 65536 op, 243100.00 ns, 3.7094 ns/op
OverheadActual  10: 65536 op, 385700.00 ns, 5.8853 ns/op
OverheadActual  11: 65536 op, 380600.00 ns, 5.8075 ns/op
OverheadActual  12: 65536 op, 297900.00 ns, 4.5456 ns/op
OverheadActual  13: 65536 op, 209600.00 ns, 3.1982 ns/op
OverheadActual  14: 65536 op, 309100.00 ns, 4.7165 ns/op
OverheadActual  15: 65536 op, 274100.00 ns, 4.1824 ns/op
OverheadActual  16: 65536 op, 277200.00 ns, 4.2297 ns/op
OverheadActual  17: 65536 op, 223200.00 ns, 3.4058 ns/op
OverheadActual  18: 65536 op, 222100.00 ns, 3.3890 ns/op
OverheadActual  19: 65536 op, 284100.00 ns, 4.3350 ns/op
OverheadActual  20: 65536 op, 296200.00 ns, 4.5197 ns/op

WorkloadWarmup   1: 65536 op, 710553400.00 ns, 10.8422 us/op
WorkloadWarmup   2: 65536 op, 707154400.00 ns, 10.7903 us/op
WorkloadWarmup   3: 65536 op, 791166100.00 ns, 12.0722 us/op
WorkloadWarmup   4: 65536 op, 747236000.00 ns, 11.4019 us/op
WorkloadWarmup   5: 65536 op, 720165800.00 ns, 10.9889 us/op
WorkloadWarmup   6: 65536 op, 772434600.00 ns, 11.7864 us/op
WorkloadWarmup   7: 65536 op, 713171000.00 ns, 10.8821 us/op

WorkloadActual   1: 65536 op, 722747400.00 ns, 11.0283 us/op
WorkloadActual   2: 65536 op, 767065700.00 ns, 11.7045 us/op
WorkloadActual   3: 65536 op, 757298600.00 ns, 11.5555 us/op
WorkloadActual   4: 65536 op, 781352300.00 ns, 11.9225 us/op
WorkloadActual   5: 65536 op, 733723900.00 ns, 11.1957 us/op
WorkloadActual   6: 65536 op, 704407600.00 ns, 10.7484 us/op
WorkloadActual   7: 65536 op, 798518500.00 ns, 12.1844 us/op
WorkloadActual   8: 65536 op, 722279400.00 ns, 11.0211 us/op
WorkloadActual   9: 65536 op, 724327500.00 ns, 11.0524 us/op
WorkloadActual  10: 65536 op, 786376400.00 ns, 11.9992 us/op
WorkloadActual  11: 65536 op, 738658900.00 ns, 11.2710 us/op
WorkloadActual  12: 65536 op, 735095500.00 ns, 11.2167 us/op
WorkloadActual  13: 65536 op, 702621200.00 ns, 10.7211 us/op
WorkloadActual  14: 65536 op, 714113500.00 ns, 10.8965 us/op
WorkloadActual  15: 65536 op, 756874600.00 ns, 11.5490 us/op
WorkloadActual  16: 65536 op, 748859300.00 ns, 11.4267 us/op
WorkloadActual  17: 65536 op, 895780100.00 ns, 13.6685 us/op
WorkloadActual  18: 65536 op, 879206000.00 ns, 13.4156 us/op
WorkloadActual  19: 65536 op, 808231900.00 ns, 12.3326 us/op
WorkloadActual  20: 65536 op, 795721500.00 ns, 12.1417 us/op
WorkloadActual  21: 65536 op, 753161200.00 ns, 11.4923 us/op
WorkloadActual  22: 65536 op, 805370100.00 ns, 12.2890 us/op
WorkloadActual  23: 65536 op, 725725100.00 ns, 11.0737 us/op
WorkloadActual  24: 65536 op, 750457100.00 ns, 11.4511 us/op
WorkloadActual  25: 65536 op, 712989400.00 ns, 10.8794 us/op
WorkloadActual  26: 65536 op, 691343200.00 ns, 10.5491 us/op
WorkloadActual  27: 65536 op, 748330600.00 ns, 11.4186 us/op
WorkloadActual  28: 65536 op, 749627100.00 ns, 11.4384 us/op
WorkloadActual  29: 65536 op, 754868000.00 ns, 11.5184 us/op
WorkloadActual  30: 65536 op, 836143000.00 ns, 12.7585 us/op
WorkloadActual  31: 65536 op, 806001300.00 ns, 12.2986 us/op
WorkloadActual  32: 65536 op, 758388500.00 ns, 11.5721 us/op
WorkloadActual  33: 65536 op, 715055200.00 ns, 10.9109 us/op
WorkloadActual  34: 65536 op, 763228000.00 ns, 11.6459 us/op
WorkloadActual  35: 65536 op, 711238500.00 ns, 10.8526 us/op
WorkloadActual  36: 65536 op, 749303400.00 ns, 11.4335 us/op
WorkloadActual  37: 65536 op, 724135600.00 ns, 11.0494 us/op
WorkloadActual  38: 65536 op, 695100400.00 ns, 10.6064 us/op
WorkloadActual  39: 65536 op, 750265500.00 ns, 11.4481 us/op
WorkloadActual  40: 65536 op, 709762200.00 ns, 10.8301 us/op
WorkloadActual  41: 65536 op, 711582500.00 ns, 10.8579 us/op
WorkloadActual  42: 65536 op, 751044900.00 ns, 11.4600 us/op
WorkloadActual  43: 65536 op, 725979400.00 ns, 11.0776 us/op
WorkloadActual  44: 65536 op, 726340300.00 ns, 11.0831 us/op
WorkloadActual  45: 65536 op, 724305900.00 ns, 11.0520 us/op
WorkloadActual  46: 65536 op, 697405500.00 ns, 10.6416 us/op
WorkloadActual  47: 65536 op, 733327800.00 ns, 11.1897 us/op
WorkloadActual  48: 65536 op, 719947400.00 ns, 10.9855 us/op
WorkloadActual  49: 65536 op, 718321300.00 ns, 10.9607 us/op
WorkloadActual  50: 65536 op, 755687700.00 ns, 11.5309 us/op
WorkloadActual  51: 65536 op, 730148700.00 ns, 11.1412 us/op
WorkloadActual  52: 65536 op, 697557200.00 ns, 10.6439 us/op
WorkloadActual  53: 65536 op, 726442800.00 ns, 11.0846 us/op
WorkloadActual  54: 65536 op, 700141000.00 ns, 10.6833 us/op
WorkloadActual  55: 65536 op, 723849700.00 ns, 11.0451 us/op

WorkloadResult   1: 65536 op, 722482350.00 ns, 11.0242 us/op
WorkloadResult   2: 65536 op, 766800650.00 ns, 11.7004 us/op
WorkloadResult   3: 65536 op, 757033550.00 ns, 11.5514 us/op
WorkloadResult   4: 65536 op, 781087250.00 ns, 11.9184 us/op
WorkloadResult   5: 65536 op, 733458850.00 ns, 11.1917 us/op
WorkloadResult   6: 65536 op, 704142550.00 ns, 10.7444 us/op
WorkloadResult   7: 65536 op, 798253450.00 ns, 12.1804 us/op
WorkloadResult   8: 65536 op, 722014350.00 ns, 11.0171 us/op
WorkloadResult   9: 65536 op, 724062450.00 ns, 11.0483 us/op
WorkloadResult  10: 65536 op, 786111350.00 ns, 11.9951 us/op
WorkloadResult  11: 65536 op, 738393850.00 ns, 11.2670 us/op
WorkloadResult  12: 65536 op, 734830450.00 ns, 11.2126 us/op
WorkloadResult  13: 65536 op, 702356150.00 ns, 10.7171 us/op
WorkloadResult  14: 65536 op, 713848450.00 ns, 10.8925 us/op
WorkloadResult  15: 65536 op, 756609550.00 ns, 11.5449 us/op
WorkloadResult  16: 65536 op, 748594250.00 ns, 11.4226 us/op
WorkloadResult  17: 65536 op, 807966850.00 ns, 12.3286 us/op
WorkloadResult  18: 65536 op, 795456450.00 ns, 12.1377 us/op
WorkloadResult  19: 65536 op, 752896150.00 ns, 11.4883 us/op
WorkloadResult  20: 65536 op, 805105050.00 ns, 12.2849 us/op
WorkloadResult  21: 65536 op, 725460050.00 ns, 11.0696 us/op
WorkloadResult  22: 65536 op, 750192050.00 ns, 11.4470 us/op
WorkloadResult  23: 65536 op, 712724350.00 ns, 10.8753 us/op
WorkloadResult  24: 65536 op, 691078150.00 ns, 10.5450 us/op
WorkloadResult  25: 65536 op, 748065550.00 ns, 11.4146 us/op
WorkloadResult  26: 65536 op, 749362050.00 ns, 11.4344 us/op
WorkloadResult  27: 65536 op, 754602950.00 ns, 11.5143 us/op
WorkloadResult  28: 65536 op, 805736250.00 ns, 12.2946 us/op
WorkloadResult  29: 65536 op, 758123450.00 ns, 11.5680 us/op
WorkloadResult  30: 65536 op, 714790150.00 ns, 10.9068 us/op
WorkloadResult  31: 65536 op, 762962950.00 ns, 11.6419 us/op
WorkloadResult  32: 65536 op, 710973450.00 ns, 10.8486 us/op
WorkloadResult  33: 65536 op, 749038350.00 ns, 11.4294 us/op
WorkloadResult  34: 65536 op, 723870550.00 ns, 11.0454 us/op
WorkloadResult  35: 65536 op, 694835350.00 ns, 10.6023 us/op
WorkloadResult  36: 65536 op, 750000450.00 ns, 11.4441 us/op
WorkloadResult  37: 65536 op, 709497150.00 ns, 10.8261 us/op
WorkloadResult  38: 65536 op, 711317450.00 ns, 10.8538 us/op
WorkloadResult  39: 65536 op, 750779850.00 ns, 11.4560 us/op
WorkloadResult  40: 65536 op, 725714350.00 ns, 11.0735 us/op
WorkloadResult  41: 65536 op, 726075250.00 ns, 11.0790 us/op
WorkloadResult  42: 65536 op, 724040850.00 ns, 11.0480 us/op
WorkloadResult  43: 65536 op, 697140450.00 ns, 10.6375 us/op
WorkloadResult  44: 65536 op, 733062750.00 ns, 11.1856 us/op
WorkloadResult  45: 65536 op, 719682350.00 ns, 10.9815 us/op
WorkloadResult  46: 65536 op, 718056250.00 ns, 10.9567 us/op
WorkloadResult  47: 65536 op, 755422650.00 ns, 11.5268 us/op
WorkloadResult  48: 65536 op, 729883650.00 ns, 11.1371 us/op
WorkloadResult  49: 65536 op, 697292150.00 ns, 10.6398 us/op
WorkloadResult  50: 65536 op, 726177750.00 ns, 11.0806 us/op
WorkloadResult  51: 65536 op, 699875950.00 ns, 10.6793 us/op
WorkloadResult  52: 65536 op, 723584650.00 ns, 11.0410 us/op
// GC:  2849 2849 2849 9136834528 65536
// Threading:  0 0 65536


Mean = 11.268 μs, StdErr = 0.064 μs (0.57%), N = 52, StdDev = 0.465 μs
Min = 10.545 μs, Q1 = 10.944 μs, Median = 11.161 μs, Q3 = 11.517 μs, Max = 12.329 μs
IQR = 0.573 μs, LowerFence = 10.084 μs, UpperFence = 12.377 μs
ConfidenceInterval = [11.043 μs; 11.494 μs] (CI 99.9%), Margin = 0.225 μs (2.00% of Mean)
Skewness = 0.66, Kurtosis = 2.68, MValue = 3.47

// ** Remained 2 (25.0%) benchmark(s) to run. Estimated finish 2026-08-31 19:28 (0h 1m from now) **
Setup power plan (GUID: 8c5e7fda-e8bf-4a96-9a85-a6e23a8c635c FriendlyName: High performance)
// **************************
// Benchmark: MemoryBaselines.MeasureTile_LegacySize: InProcess(Toolchain=InProcessEmitToolchain)
// *** Execute ***
// Launch: 1 / 1

// Benchmark Process Environment Information:
// BenchmarkDotNet v0.15.8
// Runtime=.NET 10.0.11 (10.0.11, 10.0.1126.37416), X64 RyuJIT x86-64-v3
// GC=Concurrent Workstation
// HardwareIntrinsics=AVX2+BMI1+BMI2+F16C+FMA+LZCNT+MOVBE,AVX,SSE3+SSSE3+SSE4.1+SSE4.2+POPCNT,X86Base+SSE+SSE2,AES+PCLMUL VectorSize=256
// Job: Job-JWQWGO(Toolchain=InProcessEmitToolchain)

OverheadJitting  1: 1 op, 177700.00 ns, 177.7000 us/op
WorkloadJitting  1: 1 op, 272700.00 ns, 272.7000 us/op

OverheadJitting  2: 16 op, 489100.00 ns, 30.5688 us/op
WorkloadJitting  2: 16 op, 378400.00 ns, 23.6500 us/op

WorkloadPilot    1: 16 op, 2700.00 ns, 168.7500 ns/op
WorkloadPilot    2: 32 op, 2700.00 ns, 84.3750 ns/op
WorkloadPilot    3: 64 op, 4200.00 ns, 65.6250 ns/op
WorkloadPilot    4: 128 op, 7100.00 ns, 55.4688 ns/op
WorkloadPilot    5: 256 op, 13800.00 ns, 53.9063 ns/op
WorkloadPilot    6: 512 op, 23300.00 ns, 45.5078 ns/op
WorkloadPilot    7: 1024 op, 38500.00 ns, 37.5977 ns/op
WorkloadPilot    8: 2048 op, 70900.00 ns, 34.6191 ns/op
WorkloadPilot    9: 4096 op, 134100.00 ns, 32.7393 ns/op
WorkloadPilot   10: 8192 op, 277200.00 ns, 33.8379 ns/op
WorkloadPilot   11: 16384 op, 514000.00 ns, 31.3721 ns/op
WorkloadPilot   12: 32768 op, 1208200.00 ns, 36.8713 ns/op
WorkloadPilot   13: 65536 op, 2193900.00 ns, 33.4763 ns/op
WorkloadPilot   14: 131072 op, 4446600.00 ns, 33.9249 ns/op
WorkloadPilot   15: 262144 op, 8401200.00 ns, 32.0480 ns/op
WorkloadPilot   16: 524288 op, 26933000.00 ns, 51.3706 ns/op
WorkloadPilot   17: 1048576 op, 49287200.00 ns, 47.0039 ns/op
WorkloadPilot   18: 2097152 op, 75168000.00 ns, 35.8429 ns/op
WorkloadPilot   19: 4194304 op, 146672200.00 ns, 34.9694 ns/op
WorkloadPilot   20: 8388608 op, 239587200.00 ns, 28.5610 ns/op
WorkloadPilot   21: 16777216 op, 482552200.00 ns, 28.7624 ns/op
WorkloadPilot   22: 33554432 op, 1036693100.00 ns, 30.8959 ns/op

OverheadWarmup   1: 33554432 op, 56206100.00 ns, 1.6751 ns/op
OverheadWarmup   2: 33554432 op, 64169500.00 ns, 1.9124 ns/op
OverheadWarmup   3: 33554432 op, 61165800.00 ns, 1.8229 ns/op
OverheadWarmup   4: 33554432 op, 60893400.00 ns, 1.8148 ns/op
OverheadWarmup   5: 33554432 op, 66982600.00 ns, 1.9962 ns/op
OverheadWarmup   6: 33554432 op, 62222700.00 ns, 1.8544 ns/op

OverheadActual   1: 33554432 op, 60960000.00 ns, 1.8167 ns/op
OverheadActual   2: 33554432 op, 57453100.00 ns, 1.7122 ns/op
OverheadActual   3: 33554432 op, 58127000.00 ns, 1.7323 ns/op
OverheadActual   4: 33554432 op, 54016900.00 ns, 1.6098 ns/op
OverheadActual   5: 33554432 op, 59221900.00 ns, 1.7650 ns/op
OverheadActual   6: 33554432 op, 57953400.00 ns, 1.7271 ns/op
OverheadActual   7: 33554432 op, 64534800.00 ns, 1.9233 ns/op
OverheadActual   8: 33554432 op, 61554900.00 ns, 1.8345 ns/op
OverheadActual   9: 33554432 op, 57169000.00 ns, 1.7038 ns/op
OverheadActual  10: 33554432 op, 65336900.00 ns, 1.9472 ns/op
OverheadActual  11: 33554432 op, 61789900.00 ns, 1.8415 ns/op
OverheadActual  12: 33554432 op, 66821700.00 ns, 1.9914 ns/op
OverheadActual  13: 33554432 op, 64397700.00 ns, 1.9192 ns/op
OverheadActual  14: 33554432 op, 63268000.00 ns, 1.8855 ns/op
OverheadActual  15: 33554432 op, 64500000.00 ns, 1.9222 ns/op
OverheadActual  16: 33554432 op, 74142400.00 ns, 2.2096 ns/op
OverheadActual  17: 33554432 op, 64967700.00 ns, 1.9362 ns/op
OverheadActual  18: 33554432 op, 56910800.00 ns, 1.6961 ns/op
OverheadActual  19: 33554432 op, 59853600.00 ns, 1.7838 ns/op
OverheadActual  20: 33554432 op, 57519300.00 ns, 1.7142 ns/op

WorkloadWarmup   1: 33554432 op, 936574400.00 ns, 27.9121 ns/op
WorkloadWarmup   2: 33554432 op, 983526800.00 ns, 29.3114 ns/op
WorkloadWarmup   3: 33554432 op, 919296100.00 ns, 27.3972 ns/op
WorkloadWarmup   4: 33554432 op, 1034313200.00 ns, 30.8249 ns/op
WorkloadWarmup   5: 33554432 op, 940314900.00 ns, 28.0236 ns/op
WorkloadWarmup   6: 33554432 op, 997966800.00 ns, 29.7417 ns/op

WorkloadActual   1: 33554432 op, 998837800.00 ns, 29.7677 ns/op
WorkloadActual   2: 33554432 op, 1041757100.00 ns, 31.0468 ns/op
WorkloadActual   3: 33554432 op, 950934700.00 ns, 28.3401 ns/op
WorkloadActual   4: 33554432 op, 971894700.00 ns, 28.9647 ns/op
WorkloadActual   5: 33554432 op, 963628500.00 ns, 28.7184 ns/op
WorkloadActual   6: 33554432 op, 1043821900.00 ns, 31.1083 ns/op
WorkloadActual   7: 33554432 op, 982107100.00 ns, 29.2691 ns/op
WorkloadActual   8: 33554432 op, 1151533000.00 ns, 34.3184 ns/op
WorkloadActual   9: 33554432 op, 1091418300.00 ns, 32.5268 ns/op
WorkloadActual  10: 33554432 op, 1051647800.00 ns, 31.3415 ns/op
WorkloadActual  11: 33554432 op, 973106100.00 ns, 29.0008 ns/op
WorkloadActual  12: 33554432 op, 1002628800.00 ns, 29.8807 ns/op
WorkloadActual  13: 33554432 op, 954415400.00 ns, 28.4438 ns/op
WorkloadActual  14: 33554432 op, 1034457500.00 ns, 30.8292 ns/op
WorkloadActual  15: 33554432 op, 957868000.00 ns, 28.5467 ns/op
WorkloadActual  16: 33554432 op, 988921800.00 ns, 29.4722 ns/op
WorkloadActual  17: 33554432 op, 969776400.00 ns, 28.9016 ns/op
WorkloadActual  18: 33554432 op, 951902900.00 ns, 28.3689 ns/op
WorkloadActual  19: 33554432 op, 984144700.00 ns, 29.3298 ns/op
WorkloadActual  20: 33554432 op, 968558500.00 ns, 28.8653 ns/op
WorkloadActual  21: 33554432 op, 1163893500.00 ns, 34.6867 ns/op
WorkloadActual  22: 33554432 op, 1225536300.00 ns, 36.5238 ns/op
WorkloadActual  23: 33554432 op, 1025060700.00 ns, 30.5492 ns/op
WorkloadActual  24: 33554432 op, 954986600.00 ns, 28.4608 ns/op
WorkloadActual  25: 33554432 op, 957572700.00 ns, 28.5379 ns/op
WorkloadActual  26: 33554432 op, 1025688700.00 ns, 30.5679 ns/op
WorkloadActual  27: 33554432 op, 964550100.00 ns, 28.7458 ns/op
WorkloadActual  28: 33554432 op, 955606500.00 ns, 28.4793 ns/op
WorkloadActual  29: 33554432 op, 991199200.00 ns, 29.5400 ns/op
WorkloadActual  30: 33554432 op, 976358400.00 ns, 29.0977 ns/op
WorkloadActual  31: 33554432 op, 1050055300.00 ns, 31.2941 ns/op
WorkloadActual  32: 33554432 op, 987461700.00 ns, 29.4287 ns/op
WorkloadActual  33: 33554432 op, 971871200.00 ns, 28.9640 ns/op
WorkloadActual  34: 33554432 op, 964909500.00 ns, 28.7565 ns/op
WorkloadActual  35: 33554432 op, 950474000.00 ns, 28.3263 ns/op
WorkloadActual  36: 33554432 op, 976681900.00 ns, 29.1074 ns/op
WorkloadActual  37: 33554432 op, 1038601100.00 ns, 30.9527 ns/op
WorkloadActual  38: 33554432 op, 1012631700.00 ns, 30.1788 ns/op
WorkloadActual  39: 33554432 op, 964688100.00 ns, 28.7499 ns/op
WorkloadActual  40: 33554432 op, 1008456000.00 ns, 30.0543 ns/op
WorkloadActual  41: 33554432 op, 1006964700.00 ns, 30.0099 ns/op
WorkloadActual  42: 33554432 op, 1077296300.00 ns, 32.1059 ns/op
WorkloadActual  43: 33554432 op, 1000433800.00 ns, 29.8153 ns/op
WorkloadActual  44: 33554432 op, 1006778000.00 ns, 30.0043 ns/op
WorkloadActual  45: 33554432 op, 1007848300.00 ns, 30.0362 ns/op
WorkloadActual  46: 33554432 op, 989081800.00 ns, 29.4769 ns/op

WorkloadResult   1: 33554432 op, 937580350.00 ns, 27.9421 ns/op
WorkloadResult   2: 33554432 op, 980499650.00 ns, 29.2212 ns/op
WorkloadResult   3: 33554432 op, 889677250.00 ns, 26.5144 ns/op
WorkloadResult   4: 33554432 op, 910637250.00 ns, 27.1391 ns/op
WorkloadResult   5: 33554432 op, 902371050.00 ns, 26.8928 ns/op
WorkloadResult   6: 33554432 op, 982564450.00 ns, 29.2827 ns/op
WorkloadResult   7: 33554432 op, 920849650.00 ns, 27.4435 ns/op
WorkloadResult   8: 33554432 op, 1030160850.00 ns, 30.7012 ns/op
WorkloadResult   9: 33554432 op, 990390350.00 ns, 29.5159 ns/op
WorkloadResult  10: 33554432 op, 911848650.00 ns, 27.1752 ns/op
WorkloadResult  11: 33554432 op, 941371350.00 ns, 28.0551 ns/op
WorkloadResult  12: 33554432 op, 893157950.00 ns, 26.6182 ns/op
WorkloadResult  13: 33554432 op, 973200050.00 ns, 29.0036 ns/op
WorkloadResult  14: 33554432 op, 896610550.00 ns, 26.7211 ns/op
WorkloadResult  15: 33554432 op, 927664350.00 ns, 27.6466 ns/op
WorkloadResult  16: 33554432 op, 908518950.00 ns, 27.0760 ns/op
WorkloadResult  17: 33554432 op, 890645450.00 ns, 26.5433 ns/op
WorkloadResult  18: 33554432 op, 922887250.00 ns, 27.5042 ns/op
WorkloadResult  19: 33554432 op, 907301050.00 ns, 27.0397 ns/op
WorkloadResult  20: 33554432 op, 963803250.00 ns, 28.7236 ns/op
WorkloadResult  21: 33554432 op, 893729150.00 ns, 26.6352 ns/op
WorkloadResult  22: 33554432 op, 896315250.00 ns, 26.7123 ns/op
WorkloadResult  23: 33554432 op, 964431250.00 ns, 28.7423 ns/op
WorkloadResult  24: 33554432 op, 903292650.00 ns, 26.9202 ns/op
WorkloadResult  25: 33554432 op, 894349050.00 ns, 26.6537 ns/op
WorkloadResult  26: 33554432 op, 929941750.00 ns, 27.7144 ns/op
WorkloadResult  27: 33554432 op, 915100950.00 ns, 27.2721 ns/op
WorkloadResult  28: 33554432 op, 988797850.00 ns, 29.4685 ns/op
WorkloadResult  29: 33554432 op, 926204250.00 ns, 27.6030 ns/op
WorkloadResult  30: 33554432 op, 910613750.00 ns, 27.1384 ns/op
WorkloadResult  31: 33554432 op, 903652050.00 ns, 26.9309 ns/op
WorkloadResult  32: 33554432 op, 889216550.00 ns, 26.5007 ns/op
WorkloadResult  33: 33554432 op, 915424450.00 ns, 27.2818 ns/op
WorkloadResult  34: 33554432 op, 977343650.00 ns, 29.1271 ns/op
WorkloadResult  35: 33554432 op, 951374250.00 ns, 28.3532 ns/op
WorkloadResult  36: 33554432 op, 903430650.00 ns, 26.9243 ns/op
WorkloadResult  37: 33554432 op, 947198550.00 ns, 28.2287 ns/op
WorkloadResult  38: 33554432 op, 945707250.00 ns, 28.1843 ns/op
WorkloadResult  39: 33554432 op, 1016038850.00 ns, 30.2803 ns/op
WorkloadResult  40: 33554432 op, 939176350.00 ns, 27.9896 ns/op
WorkloadResult  41: 33554432 op, 945520550.00 ns, 28.1787 ns/op
WorkloadResult  42: 33554432 op, 946590850.00 ns, 28.2106 ns/op
WorkloadResult  43: 33554432 op, 927824350.00 ns, 27.6513 ns/op
// GC:  0 0 0 2688 33554432
// Threading:  0 0 33554432


Mean = 27.801 ns, StdErr = 0.163 ns (0.59%), N = 43, StdDev = 1.071 ns
Min = 26.501 ns, Q1 = 26.928 ns, Median = 27.603 ns, Q3 = 28.291 ns, Max = 30.701 ns
IQR = 1.363 ns, LowerFence = 24.883 ns, UpperFence = 30.336 ns
ConfidenceInterval = [27.223 ns; 28.379 ns] (CI 99.9%), Margin = 0.578 ns (2.08% of Mean)
Skewness = 0.82, Kurtosis = 2.84, MValue = 2.3

// ** Remained 1 (12.5%) benchmark(s) to run. Estimated finish 2026-08-31 19:28 (0h 0m from now) **
Setup power plan (GUID: 8c5e7fda-e8bf-4a96-9a85-a6e23a8c635c FriendlyName: High performance)
// **************************
// Benchmark: MemoryBaselines.MeasureTile_CurrentSize: InProcess(Toolchain=InProcessEmitToolchain)
// *** Execute ***
// Launch: 1 / 1

// Benchmark Process Environment Information:
// BenchmarkDotNet v0.15.8
// Runtime=.NET 10.0.11 (10.0.11, 10.0.1126.37416), X64 RyuJIT x86-64-v3
// GC=Concurrent Workstation
// HardwareIntrinsics=AVX2+BMI1+BMI2+F16C+FMA+LZCNT+MOVBE,AVX,SSE3+SSSE3+SSE4.1+SSE4.2+POPCNT,X86Base+SSE+SSE2,AES+PCLMUL VectorSize=256
// Job: Job-JWQWGO(Toolchain=InProcessEmitToolchain)

OverheadJitting  1: 1 op, 187600.00 ns, 187.6000 us/op
WorkloadJitting  1: 1 op, 336600.00 ns, 336.6000 us/op

OverheadJitting  2: 16 op, 457600.00 ns, 28.6000 us/op
WorkloadJitting  2: 16 op, 350700.00 ns, 21.9188 us/op

WorkloadPilot    1: 16 op, 2600.00 ns, 162.5000 ns/op
WorkloadPilot    2: 32 op, 2600.00 ns, 81.2500 ns/op
WorkloadPilot    3: 64 op, 4200.00 ns, 65.6250 ns/op
WorkloadPilot    4: 128 op, 7400.00 ns, 57.8125 ns/op
WorkloadPilot    5: 256 op, 13600.00 ns, 53.1250 ns/op
WorkloadPilot    6: 512 op, 23600.00 ns, 46.0938 ns/op
WorkloadPilot    7: 1024 op, 43900.00 ns, 42.8711 ns/op
WorkloadPilot    8: 2048 op, 96700.00 ns, 47.2168 ns/op
WorkloadPilot    9: 4096 op, 197000.00 ns, 48.0957 ns/op
WorkloadPilot   10: 8192 op, 399900.00 ns, 48.8159 ns/op
WorkloadPilot   11: 16384 op, 577600.00 ns, 35.2539 ns/op
WorkloadPilot   12: 32768 op, 1282100.00 ns, 39.1266 ns/op
WorkloadPilot   13: 65536 op, 2230300.00 ns, 34.0317 ns/op
WorkloadPilot   14: 131072 op, 6198200.00 ns, 47.2885 ns/op
WorkloadPilot   15: 262144 op, 14312500.00 ns, 54.5979 ns/op
WorkloadPilot   16: 524288 op, 26537200.00 ns, 50.6157 ns/op
WorkloadPilot   17: 1048576 op, 52015300.00 ns, 49.6057 ns/op
WorkloadPilot   18: 2097152 op, 85309600.00 ns, 40.6788 ns/op
WorkloadPilot   19: 4194304 op, 120242100.00 ns, 28.6680 ns/op
WorkloadPilot   20: 8388608 op, 237215200.00 ns, 28.2783 ns/op
WorkloadPilot   21: 16777216 op, 478722400.00 ns, 28.5341 ns/op
WorkloadPilot   22: 33554432 op, 947348400.00 ns, 28.2332 ns/op

OverheadWarmup   1: 33554432 op, 62386500.00 ns, 1.8593 ns/op
OverheadWarmup   2: 33554432 op, 60924500.00 ns, 1.8157 ns/op
OverheadWarmup   3: 33554432 op, 67827800.00 ns, 2.0214 ns/op
OverheadWarmup   4: 33554432 op, 61553000.00 ns, 1.8344 ns/op
OverheadWarmup   5: 33554432 op, 65500300.00 ns, 1.9521 ns/op
OverheadWarmup   6: 33554432 op, 57582100.00 ns, 1.7161 ns/op

OverheadActual   1: 33554432 op, 57440000.00 ns, 1.7118 ns/op
OverheadActual   2: 33554432 op, 59915600.00 ns, 1.7856 ns/op
OverheadActual   3: 33554432 op, 64332900.00 ns, 1.9173 ns/op
OverheadActual   4: 33554432 op, 58979900.00 ns, 1.7577 ns/op
OverheadActual   5: 33554432 op, 53356700.00 ns, 1.5902 ns/op
OverheadActual   6: 33554432 op, 70017900.00 ns, 2.0867 ns/op
OverheadActual   7: 33554432 op, 69005000.00 ns, 2.0565 ns/op
OverheadActual   8: 33554432 op, 71521700.00 ns, 2.1315 ns/op
OverheadActual   9: 33554432 op, 79766600.00 ns, 2.3772 ns/op
OverheadActual  10: 33554432 op, 66235000.00 ns, 1.9740 ns/op
OverheadActual  11: 33554432 op, 61272400.00 ns, 1.8261 ns/op
OverheadActual  12: 33554432 op, 58224800.00 ns, 1.7352 ns/op
OverheadActual  13: 33554432 op, 57439400.00 ns, 1.7118 ns/op
OverheadActual  14: 33554432 op, 60576200.00 ns, 1.8053 ns/op
OverheadActual  15: 33554432 op, 57138300.00 ns, 1.7029 ns/op
OverheadActual  16: 33554432 op, 59690100.00 ns, 1.7789 ns/op
OverheadActual  17: 33554432 op, 65117400.00 ns, 1.9406 ns/op
OverheadActual  18: 33554432 op, 57962400.00 ns, 1.7274 ns/op
OverheadActual  19: 33554432 op, 59176500.00 ns, 1.7636 ns/op
OverheadActual  20: 33554432 op, 56997900.00 ns, 1.6987 ns/op

WorkloadWarmup   1: 33554432 op, 992177600.00 ns, 29.5692 ns/op
WorkloadWarmup   2: 33554432 op, 1002501200.00 ns, 29.8769 ns/op
WorkloadWarmup   3: 33554432 op, 1016804400.00 ns, 30.3031 ns/op
WorkloadWarmup   4: 33554432 op, 976977700.00 ns, 29.1162 ns/op
WorkloadWarmup   5: 33554432 op, 933950700.00 ns, 27.8339 ns/op
WorkloadWarmup   6: 33554432 op, 1038821300.00 ns, 30.9593 ns/op
WorkloadWarmup   7: 33554432 op, 934138400.00 ns, 27.8395 ns/op

WorkloadActual   1: 33554432 op, 998931600.00 ns, 29.7705 ns/op
WorkloadActual   2: 33554432 op, 985063700.00 ns, 29.3572 ns/op
WorkloadActual   3: 33554432 op, 1026368100.00 ns, 30.5882 ns/op
WorkloadActual   4: 33554432 op, 1009186200.00 ns, 30.0761 ns/op
WorkloadActual   5: 33554432 op, 1099690200.00 ns, 32.7733 ns/op
WorkloadActual   6: 33554432 op, 960872500.00 ns, 28.6362 ns/op
WorkloadActual   7: 33554432 op, 1084379400.00 ns, 32.3170 ns/op
WorkloadActual   8: 33554432 op, 972696200.00 ns, 28.9886 ns/op
WorkloadActual   9: 33554432 op, 999569900.00 ns, 29.7895 ns/op
WorkloadActual  10: 33554432 op, 952144500.00 ns, 28.3761 ns/op
WorkloadActual  11: 33554432 op, 1046497200.00 ns, 31.1880 ns/op
WorkloadActual  12: 33554432 op, 967253300.00 ns, 28.8264 ns/op
WorkloadActual  13: 33554432 op, 951914600.00 ns, 28.3693 ns/op
WorkloadActual  14: 33554432 op, 994869000.00 ns, 29.6494 ns/op
WorkloadActual  15: 33554432 op, 982140100.00 ns, 29.2701 ns/op
WorkloadActual  16: 33554432 op, 997380000.00 ns, 29.7242 ns/op
WorkloadActual  17: 33554432 op, 966588400.00 ns, 28.8066 ns/op
WorkloadActual  18: 33554432 op, 974723300.00 ns, 29.0490 ns/op
WorkloadActual  19: 33554432 op, 992102300.00 ns, 29.5670 ns/op
WorkloadActual  20: 33554432 op, 969107400.00 ns, 28.8817 ns/op
WorkloadActual  21: 33554432 op, 931942800.00 ns, 27.7741 ns/op
WorkloadActual  22: 33554432 op, 986538300.00 ns, 29.4011 ns/op
WorkloadActual  23: 33554432 op, 1107840500.00 ns, 33.0162 ns/op
WorkloadActual  24: 33554432 op, 1192747100.00 ns, 35.5466 ns/op
WorkloadActual  25: 33554432 op, 1086763100.00 ns, 32.3881 ns/op
WorkloadActual  26: 33554432 op, 988748900.00 ns, 29.4670 ns/op
WorkloadActual  27: 33554432 op, 1032359300.00 ns, 30.7667 ns/op
WorkloadActual  28: 33554432 op, 986890400.00 ns, 29.4116 ns/op
WorkloadActual  29: 33554432 op, 956868200.00 ns, 28.5169 ns/op
WorkloadActual  30: 33554432 op, 980869900.00 ns, 29.2322 ns/op
WorkloadActual  31: 33554432 op, 937075500.00 ns, 27.9270 ns/op
WorkloadActual  32: 33554432 op, 993451900.00 ns, 29.6072 ns/op
WorkloadActual  33: 33554432 op, 999220600.00 ns, 29.7791 ns/op

WorkloadResult   1: 33554432 op, 939128750.00 ns, 27.9882 ns/op
WorkloadResult   2: 33554432 op, 925260850.00 ns, 27.5749 ns/op
WorkloadResult   3: 33554432 op, 966565250.00 ns, 28.8059 ns/op
WorkloadResult   4: 33554432 op, 949383350.00 ns, 28.2938 ns/op
WorkloadResult   5: 33554432 op, 901069650.00 ns, 26.8540 ns/op
WorkloadResult   6: 33554432 op, 912893350.00 ns, 27.2063 ns/op
WorkloadResult   7: 33554432 op, 939767050.00 ns, 28.0072 ns/op
WorkloadResult   8: 33554432 op, 892341650.00 ns, 26.5939 ns/op
WorkloadResult   9: 33554432 op, 986694350.00 ns, 29.4058 ns/op
WorkloadResult  10: 33554432 op, 907450450.00 ns, 27.0441 ns/op
WorkloadResult  11: 33554432 op, 892111750.00 ns, 26.5870 ns/op
WorkloadResult  12: 33554432 op, 935066150.00 ns, 27.8671 ns/op
WorkloadResult  13: 33554432 op, 922337250.00 ns, 27.4878 ns/op
WorkloadResult  14: 33554432 op, 937577150.00 ns, 27.9420 ns/op
WorkloadResult  15: 33554432 op, 906785550.00 ns, 27.0243 ns/op
WorkloadResult  16: 33554432 op, 914920450.00 ns, 27.2668 ns/op
WorkloadResult  17: 33554432 op, 932299450.00 ns, 27.7847 ns/op
WorkloadResult  18: 33554432 op, 909304550.00 ns, 27.0994 ns/op
WorkloadResult  19: 33554432 op, 872139950.00 ns, 25.9918 ns/op
WorkloadResult  20: 33554432 op, 926735450.00 ns, 27.6189 ns/op
WorkloadResult  21: 33554432 op, 928946050.00 ns, 27.6847 ns/op
WorkloadResult  22: 33554432 op, 972556450.00 ns, 28.9844 ns/op
WorkloadResult  23: 33554432 op, 927087550.00 ns, 27.6294 ns/op
WorkloadResult  24: 33554432 op, 897065350.00 ns, 26.7346 ns/op
WorkloadResult  25: 33554432 op, 921067050.00 ns, 27.4499 ns/op
WorkloadResult  26: 33554432 op, 877272650.00 ns, 26.1448 ns/op
WorkloadResult  27: 33554432 op, 933649050.00 ns, 27.8249 ns/op
WorkloadResult  28: 33554432 op, 939417750.00 ns, 27.9968 ns/op
// GC:  0 0 0 2976 33554432
// Threading:  0 0 33554432


Mean = 27.532 ns, StdErr = 0.150 ns (0.54%), N = 28, StdDev = 0.793 ns
Min = 25.992 ns, Q1 = 27.039 ns, Median = 27.597 ns, Q3 = 27.954 ns, Max = 29.406 ns
IQR = 0.914 ns, LowerFence = 25.668 ns, UpperFence = 29.325 ns
ConfidenceInterval = [26.979 ns; 28.085 ns] (CI 99.9%), Margin = 0.553 ns (2.01% of Mean)
Skewness = 0.24, Kurtosis = 2.86, MValue = 2

// ** Remained 0 (0.0%) benchmark(s) to run. Estimated finish 2026-08-31 19:27 (0h 0m from now) **
Successfully reverted power plan (GUID: 8c5e7fda-e8bf-4a96-9a85-a6e23a8c635c FriendlyName: High performance)
// ***** BenchmarkRunner: Finish  *****

// * Export *
  BenchmarkDotNet.Artifacts\results\VikingEngine.Benchmarks.MemoryBaselines-report.csv
  BenchmarkDotNet.Artifacts\results\VikingEngine.Benchmarks.MemoryBaselines-report-github.md
  BenchmarkDotNet.Artifacts\results\VikingEngine.Benchmarks.MemoryBaselines-report.html

// * Detailed results *
MemoryBaselines.AllocateSubTileChunk_Legacy: InProcess(Toolchain=InProcessEmitToolchain)
Runtime = ; GC = 
Mean = 9.624 μs, StdErr = 0.077 μs (0.79%), N = 97, StdDev = 0.754 μs
Min = 8.547 μs, Q1 = 9.035 μs, Median = 9.447 μs, Q3 = 10.155 μs, Max = 11.808 μs
IQR = 1.121 μs, LowerFence = 7.354 μs, UpperFence = 11.837 μs
ConfidenceInterval = [9.364 μs; 9.883 μs] (CI 99.9%), Margin = 0.260 μs (2.70% of Mean)
Skewness = 0.68, Kurtosis = 2.61, MValue = 2.97
-------------------- Histogram --------------------
[ 8.332 μs ;  8.770 μs) | @@@@@@@@
[ 8.770 μs ;  9.200 μs) | @@@@@@@@@@@@@@@@@@@@@@@@@@@@@@@
[ 9.200 μs ;  9.681 μs) | @@@@@@@@@@@@@@@@@@@@
[ 9.681 μs ; 10.086 μs) | @@@@@@@@@@@@
[10.086 μs ; 10.418 μs) | @@@@@
[10.418 μs ; 10.849 μs) | @@@@@@@@@@@@@@@@@
[10.849 μs ; 11.149 μs) | 
[11.149 μs ; 11.579 μs) | @@@
[11.579 μs ; 12.023 μs) | @
---------------------------------------------------

MemoryBaselines.AllocateSubTileChunk_Current: InProcess(Toolchain=InProcessEmitToolchain)
Runtime = ; GC = 
Mean = 1.325 μs, StdErr = 0.009 μs (0.68%), N = 94, StdDev = 0.087 μs
Min = 1.150 μs, Q1 = 1.264 μs, Median = 1.313 μs, Q3 = 1.382 μs, Max = 1.583 μs
IQR = 0.118 μs, LowerFence = 1.087 μs, UpperFence = 1.558 μs
ConfidenceInterval = [1.295 μs; 1.356 μs] (CI 99.9%), Margin = 0.031 μs (2.31% of Mean)
Skewness = 0.54, Kurtosis = 2.89, MValue = 2
-------------------- Histogram --------------------
[1.125 μs ; 1.168 μs) | @
[1.168 μs ; 1.217 μs) | @@@@@@
[1.217 μs ; 1.267 μs) | @@@@@@@@@@@@@@@@@@
[1.267 μs ; 1.327 μs) | @@@@@@@@@@@@@@@@@@@@@@@@@@@@
[1.327 μs ; 1.387 μs) | @@@@@@@@@@@@@@@@@@@@
[1.387 μs ; 1.444 μs) | @@@@@@@@@@@
[1.444 μs ; 1.496 μs) | @@@@@@@
[1.496 μs ; 1.558 μs) | @@
[1.558 μs ; 1.608 μs) | @
---------------------------------------------------

MemoryBaselines.MeasureSubTile_LegacySize: InProcess(Toolchain=InProcessEmitToolchain)
Runtime = ; GC = 
Mean = 18.977 ns, StdErr = 0.115 ns (0.61%), N = 43, StdDev = 0.757 ns
Min = 17.788 ns, Q1 = 18.235 ns, Median = 19.157 ns, Q3 = 19.481 ns, Max = 20.949 ns
IQR = 1.245 ns, LowerFence = 16.367 ns, UpperFence = 21.348 ns
ConfidenceInterval = [18.569 ns; 19.386 ns] (CI 99.9%), Margin = 0.408 ns (2.15% of Mean)
Skewness = 0.25, Kurtosis = 2.39, MValue = 2.74
-------------------- Histogram --------------------
[17.771 ns ; 18.338 ns) | @@@@@@@@@@@@@
[18.338 ns ; 19.029 ns) | @@@@@@
[19.029 ns ; 19.720 ns) | @@@@@@@@@@@@@@@@@@@
[19.720 ns ; 20.390 ns) | @@@
[20.390 ns ; 20.957 ns) | @@
---------------------------------------------------

MemoryBaselines.MeasureSubTile_CurrentSize: InProcess(Toolchain=InProcessEmitToolchain)
Runtime = ; GC = 
Mean = 19.368 ns, StdErr = 0.118 ns (0.61%), N = 48, StdDev = 0.820 ns
Min = 17.467 ns, Q1 = 18.817 ns, Median = 19.550 ns, Q3 = 20.022 ns, Max = 21.064 ns
IQR = 1.205 ns, LowerFence = 17.010 ns, UpperFence = 21.828 ns
ConfidenceInterval = [18.953 ns; 19.783 ns] (CI 99.9%), Margin = 0.415 ns (2.14% of Mean)
Skewness = -0.28, Kurtosis = 2.43, MValue = 2
-------------------- Histogram --------------------
[17.315 ns ; 17.907 ns) | @@@
[17.907 ns ; 18.639 ns) | @@@@@@
[18.639 ns ; 19.529 ns) | @@@@@@@@@@@@@@
[19.529 ns ; 20.121 ns) | @@@@@@@@@@@@@@@@@
[20.121 ns ; 20.668 ns) | @@@@@@
[20.668 ns ; 21.360 ns) | @@
---------------------------------------------------

MemoryBaselines.AllocateTileChunk_Legacy: InProcess(Toolchain=InProcessEmitToolchain)
Runtime = ; GC = 
Mean = 18.544 μs, StdErr = 0.106 μs (0.57%), N = 71, StdDev = 0.895 μs
Min = 16.860 μs, Q1 = 17.957 μs, Median = 18.559 μs, Q3 = 19.017 μs, Max = 20.791 μs
IQR = 1.060 μs, LowerFence = 16.367 μs, UpperFence = 20.607 μs
ConfidenceInterval = [18.180 μs; 18.909 μs] (CI 99.9%), Margin = 0.365 μs (1.97% of Mean)
Skewness = 0.43, Kurtosis = 2.99, MValue = 2
-------------------- Histogram --------------------
[16.684 μs ; 17.303 μs) | @@@@
[17.303 μs ; 17.930 μs) | @@@@@@@@@@@@
[17.930 μs ; 18.497 μs) | @@@@@@@@@@@@@@@@@@@
[18.497 μs ; 19.216 μs) | @@@@@@@@@@@@@@@@@@@@@@@@
[19.216 μs ; 19.743 μs) | @@@@@@
[19.743 μs ; 20.284 μs) | @@
[20.284 μs ; 20.851 μs) | @@@@
---------------------------------------------------

MemoryBaselines.AllocateTileChunk_Current: InProcess(Toolchain=InProcessEmitToolchain)
Runtime = ; GC = 
Mean = 11.268 μs, StdErr = 0.064 μs (0.57%), N = 52, StdDev = 0.465 μs
Min = 10.545 μs, Q1 = 10.944 μs, Median = 11.161 μs, Q3 = 11.517 μs, Max = 12.329 μs
IQR = 0.573 μs, LowerFence = 10.084 μs, UpperFence = 12.377 μs
ConfidenceInterval = [11.043 μs; 11.494 μs] (CI 99.9%), Margin = 0.225 μs (2.00% of Mean)
Skewness = 0.66, Kurtosis = 2.68, MValue = 3.47
-------------------- Histogram --------------------
[10.481 μs ; 10.818 μs) | @@@@@@@
[10.818 μs ; 11.145 μs) | @@@@@@@@@@@@@@@@@@@
[11.145 μs ; 11.394 μs) | @@@@
[11.394 μs ; 11.721 μs) | @@@@@@@@@@@@@@@
[11.721 μs ; 12.070 μs) | @@
[12.070 μs ; 12.397 μs) | @@@@@
---------------------------------------------------

MemoryBaselines.MeasureTile_LegacySize: InProcess(Toolchain=InProcessEmitToolchain)
Runtime = ; GC = 
Mean = 27.801 ns, StdErr = 0.163 ns (0.59%), N = 43, StdDev = 1.071 ns
Min = 26.501 ns, Q1 = 26.928 ns, Median = 27.603 ns, Q3 = 28.291 ns, Max = 30.701 ns
IQR = 1.363 ns, LowerFence = 24.883 ns, UpperFence = 30.336 ns
ConfidenceInterval = [27.223 ns; 28.379 ns] (CI 99.9%), Margin = 0.578 ns (2.08% of Mean)
Skewness = 0.82, Kurtosis = 2.84, MValue = 2.3
-------------------- Histogram --------------------
[26.490 ns ; 27.435 ns) | @@@@@@@@@@@@@@@@@@@
[27.435 ns ; 28.237 ns) | @@@@@@@@@@@@@
[28.237 ns ; 29.521 ns) | @@@@@@@@@
[29.521 ns ; 30.892 ns) | @@
---------------------------------------------------

MemoryBaselines.MeasureTile_CurrentSize: InProcess(Toolchain=InProcessEmitToolchain)
Runtime = ; GC = 
Mean = 27.532 ns, StdErr = 0.150 ns (0.54%), N = 28, StdDev = 0.793 ns
Min = 25.992 ns, Q1 = 27.039 ns, Median = 27.597 ns, Q3 = 27.954 ns, Max = 29.406 ns
IQR = 0.914 ns, LowerFence = 25.668 ns, UpperFence = 29.325 ns
ConfidenceInterval = [26.979 ns; 28.085 ns] (CI 99.9%), Margin = 0.553 ns (2.01% of Mean)
Skewness = 0.24, Kurtosis = 2.86, MValue = 2
-------------------- Histogram --------------------
[25.725 ns ; 26.584 ns) | @@
[26.584 ns ; 27.386 ns) | @@@@@@@@@
[27.386 ns ; 28.071 ns) | @@@@@@@@@@@@@
[28.071 ns ; 28.763 ns) | @
[28.763 ns ; 29.449 ns) | @@@
---------------------------------------------------

// * Summary *

BenchmarkDotNet v0.15.8, Windows 11 (10.0.26340.9233)
AMD Ryzen 9 5900X 3.70GHz, 1 CPU, 24 logical and 12 physical cores
.NET SDK 11.0.100-preview.7.26381.103
  [Host] : .NET 10.0.11 (10.0.11, 10.0.1126.37416), X64 RyuJIT x86-64-v3

Job=InProcess  Toolchain=InProcessEmitToolchain  

| Method                       | Categories         | Mean         | Error      | StdDev     | Ratio | RatioSD | Gen0    | Gen1    | Gen2    | Allocated | Alloc Ratio |
|----------------------------- |------------------- |-------------:|-----------:|-----------:|------:|--------:|--------:|--------:|--------:|----------:|------------:|
| AllocateSubTileChunk_Legacy  | SubTile_ChunkAlloc |  9,623.56 ns | 259.725 ns | 753.508 ns |  1.01 |    0.11 | 35.7056 | 35.7056 | 35.7056 |  114794 B |        1.00 |
| AllocateSubTileChunk_Current | SubTile_ChunkAlloc |  1,325.30 ns |  30.549 ns |  87.157 ns |  0.14 |    0.01 |  3.9043 |       - |       - |   65560 B |        0.57 |
|                              |                    |              |            |            |       |         |         |         |         |           |             |
| MeasureSubTile_LegacySize    | SubTile_Size       |     18.98 ns |   0.408 ns |   0.757 ns |  1.00 |    0.06 |       - |       - |       - |         - |          NA |
| MeasureSubTile_CurrentSize   | SubTile_Size       |     19.37 ns |   0.415 ns |   0.820 ns |  1.02 |    0.06 |       - |       - |       - |         - |          NA |
|                              |                    |              |            |            |       |         |         |         |         |           |             |
| AllocateTileChunk_Legacy     | Tile_ChunkAlloc    | 18,544.46 ns | 364.833 ns | 894.941 ns |  1.00 |    0.07 | 76.9043 | 76.9043 | 76.9043 |  246012 B |        1.00 |
| AllocateTileChunk_Current    | Tile_ChunkAlloc    | 11,268.30 ns | 225.204 ns | 465.086 ns |  0.61 |    0.04 | 43.4723 | 43.4723 | 43.4723 |  139417 B |        0.57 |
|                              |                    |              |            |            |       |         |         |         |         |           |             |
| MeasureTile_LegacySize       | Tile_Size          |     27.80 ns |   0.578 ns |   1.071 ns |  1.00 |    0.05 |       - |       - |       - |         - |          NA |
| MeasureTile_CurrentSize      | Tile_Size          |     27.53 ns |   0.553 ns |   0.793 ns |  0.99 |    0.05 |       - |       - |       - |         - |          NA |

// * Warnings *
MultimodalDistribution
  MemoryBaselines.AllocateSubTileChunk_Legacy: InProcess -> It seems that the distribution can have several modes (mValue = 2.97)
  MemoryBaselines.AllocateTileChunk_Current: InProcess   -> It seems that the distribution is bimodal (mValue = 3.47)

// * Hints *
Outliers
  MemoryBaselines.AllocateSubTileChunk_Legacy: InProcess  -> 3 outliers were removed (12.51 μs..13.34 μs)
  MemoryBaselines.AllocateSubTileChunk_Current: InProcess -> 6 outliers were removed (1.61 μs..2.09 μs)
  MemoryBaselines.MeasureSubTile_LegacySize: InProcess    -> 3 outliers were removed (23.49 ns..24.21 ns)
  MemoryBaselines.MeasureSubTile_CurrentSize: InProcess   -> 4 outliers were removed (23.86 ns..25.58 ns)
  MemoryBaselines.AllocateTileChunk_Legacy: InProcess     -> 8 outliers were removed (21.17 μs..23.36 μs)
  MemoryBaselines.AllocateTileChunk_Current: InProcess    -> 3 outliers were removed (12.76 μs..13.67 μs)
  MemoryBaselines.MeasureTile_LegacySize: InProcess       -> 3 outliers were removed (34.32 ns..36.52 ns)
  MemoryBaselines.MeasureTile_CurrentSize: InProcess      -> 5 outliers were removed (32.32 ns..35.55 ns)

// * Legends *
  Categories  : All categories of the corresponded method, class, and assembly
  Mean        : Arithmetic mean of all measurements
  Error       : Half of 99.9% confidence interval
  StdDev      : Standard deviation of all measurements
  Ratio       : Mean of the ratio distribution ([Current]/[Baseline])
  RatioSD     : Standard deviation of the ratio distribution ([Current]/[Baseline])
  Gen0        : GC Generation 0 collects per 1000 operations
  Gen1        : GC Generation 1 collects per 1000 operations
  Gen2        : GC Generation 2 collects per 1000 operations
  Allocated   : Allocated memory per single operation (managed only, inclusive, 1KB = 1024B)
  Alloc Ratio : Allocated memory ratio distribution ([Current]/[Baseline])
  1 ns        : 1 Nanosecond (0.000000001 sec)

// * Diagnostic Output - MemoryDiagnoser *


// ***** BenchmarkRunner: End *****
Run time: 00:07:25 (445.87 sec), executed benchmarks: 8

Global total time: 00:07:26 (446.75 sec), executed benchmarks: 8
// * Artifacts cleanup *
Artifacts cleanup is finished
